"Date ","Symbol ","Security Name ","Client Name ","Buy / Sell ","Quantity Traded ","Trade Price / Wght. Avg. Price ","Remarks "
"13-JUL-2026","AASTHA","Aastha Spintex Limited","RATHOD DIGVIJAYSINH RAJENDRASINH","BUY","1,90,000","129.02","-"
"13-JUL-2026","AASTHA","Aastha Spintex Limited","RATHOD DIGVIJAYSINH RAJENDRASINH","SELL","2,39,906","129.02","-"
"13-JUL-2026","AGIIL","Agi Infra Limited","ARIHANT CAPITAL MARKETS LIMITED","SELL","17,80,779","348.99","-"
"13-JUL-2026","AGIIL","Agi Infra Limited","ARIHANT CAPITAL MARKETS LIMITED","BUY","18,02,409","349.09","-"
"13-JUL-2026","AGIIL","Agi Infra Limited","DEALMONEY COMMODITIES PRIVATE LIMITED","SELL","6,68,444","348.50","-"
"13-JUL-2026","AGIIL","Agi Infra Limited","DEALMONEY COMMODITIES PRIVATE LIMITED","BUY","6,68,444","349.04","-"
"13-JUL-2026","ATALREAL","Atal Realtech Limited","ALTIZEN VENTURES LLP","SELL","2,50,000","29.15","-"
"13-JUL-2026","ATALREAL","Atal Realtech Limited","ALTIZEN VENTURES LLP","BUY","14,84,429","28.60","-"
"13-JUL-2026","ATALREAL","Atal Realtech Limited","HRTI PRIVATE LIMITED","BUY","2,50,969","28.89","-"
"13-JUL-2026","ATALREAL","Atal Realtech Limited","HRTI PRIVATE LIMITED","SELL","11,58,665","28.73","-"
"13-JUL-2026","ATALREAL","Atal Realtech Limited","VISHAL MAHESH WAGHELA","SELL","1,50,000","28.76","-"
"13-JUL-2026","ATALREAL","Atal Realtech Limited","VISHAL MAHESH WAGHELA","BUY","14,00,000","28.91","-"
"13-JUL-2026","BANG","Bang Overseas Limited","SANDEEP JAIN","SELL","1,00,005","29.02","-"
"13-JUL-2026","BCLIND","BCL Industries Limited","JUNOMONETA FINSOL PRIVATE LIMITED","SELL","15,35,944","38.03","-"
"13-JUL-2026","BCLIND","BCL Industries Limited","JUNOMONETA FINSOL PRIVATE LIMITED","BUY","15,37,217","37.99","-"
"13-JUL-2026","BCLIND","BCL Industries Limited","MICROCURVES TRADING PRIVATE LIMITED","SELL","17,92,882","38.27","-"
"13-JUL-2026","BCLIND","BCL Industries Limited","MICROCURVES TRADING PRIVATE LIMITED","BUY","17,92,882","38.21","-"
"13-JUL-2026","BCLIND","BCL Industries Limited","NK SECURITIES RESEARCH PRIVATE LIMITED","SELL","21,94,137","38.23","-"
"13-JUL-2026","BCLIND","BCL Industries Limited","NK SECURITIES RESEARCH PRIVATE LIMITED","BUY","21,94,137","38.20","-"
"13-JUL-2026","BCLIND","BCL Industries Limited","SILVERLEAF CAPITAL SERVICES PRIVATE LIMITED","BUY","24,59,823","38.32","-"
"13-JUL-2026","BCLIND","BCL Industries Limited","SILVERLEAF CAPITAL SERVICES PRIVATE LIMITED","SELL","24,59,823","38.36","-"
"13-JUL-2026","BFINVEST","BF Investment Limited","ANKITA VISHAL SHAH","SELL","2,42,109","578.25","-"
"13-JUL-2026","BFINVEST","BF Investment Limited","ANKITA VISHAL SHAH","BUY","2,93,508","571.13","-"
"13-JUL-2026","BMLL","Bio Medica Laboratories L","MAHABIR TRADEVENTURES LLP","BUY","1,50,000","139.51","-"
"13-JUL-2026","BMLL","Bio Medica Laboratories L","SUNRISE GILTS & SECURITIES PVT LTD","SELL","67,000","140.00","-"
"13-JUL-2026","CNL","Creative Newtech Limited","JUNOMONETA FINSOL PRIVATE LIMITED","SELL","1,15,871","955.69","-"
"13-JUL-2026","CNL","Creative Newtech Limited","JUNOMONETA FINSOL PRIVATE LIMITED","BUY","1,17,285","955.65","-"
"13-JUL-2026","CNL","Creative Newtech Limited","MICROCURVES TRADING PRIVATE LIMITED","SELL","81,267","964.30","-"
"13-JUL-2026","CNL","Creative Newtech Limited","MICROCURVES TRADING PRIVATE LIMITED","BUY","81,267","964.62","-"
"13-JUL-2026","CNL","Creative Newtech Limited","NK SECURITIES RESEARCH PRIVATE LIMITED","BUY","76,203","963.16","-"
"13-JUL-2026","CNL","Creative Newtech Limited","NK SECURITIES RESEARCH PRIVATE LIMITED","SELL","76,203","963.54","-"
"13-JUL-2026","FINOPB","Fino Payments Bank Ltd","AGREYA CAPITAL ADVISORS LLP","SELL","5,76,850","154.20","-"
"13-JUL-2026","FINOPB","Fino Payments Bank Ltd","DIPAN MEHTA COMMODITIES PRIVATE LIMITED","SELL","9,54,854","151.31","-"
"13-JUL-2026","FINOPB","Fino Payments Bank Ltd","DIPAN MEHTA COMMODITIES PRIVATE LIMITED","BUY","9,66,854","150.93","-"
"13-JUL-2026","FINOPB","Fino Payments Bank Ltd","ELIXIR WEALTH MANAGEMENT PRIVATE LIMITED","SELL","4,39,792","154.96","-"
"13-JUL-2026","FINOPB","Fino Payments Bank Ltd","ELIXIR WEALTH MANAGEMENT PRIVATE LIMITED","BUY","4,58,802","154.21","-"
"13-JUL-2026","FINOPB","Fino Payments Bank Ltd","GRT STRATEGIC VENTURES LLP","BUY","5,68,417","151.02","-"
"13-JUL-2026","FINOPB","Fino Payments Bank Ltd","GRT STRATEGIC VENTURES LLP","SELL","5,68,417","151.06","-"
"13-JUL-2026","FINOPB","Fino Payments Bank Ltd","JUNOMONETA FINSOL PRIVATE LIMITED","BUY","8,02,212","151.51","-"
"13-JUL-2026","FINOPB","Fino Payments Bank Ltd","JUNOMONETA FINSOL PRIVATE LIMITED","SELL","8,03,061","151.86","-"
"13-JUL-2026","FINOPB","Fino Payments Bank Ltd","MICROCURVES TRADING PRIVATE LIMITED","BUY","9,22,452","152.82","-"
"13-JUL-2026","FINOPB","Fino Payments Bank Ltd","MICROCURVES TRADING PRIVATE LIMITED","SELL","9,22,452","153.10","-"
"13-JUL-2026","FINOPB","Fino Payments Bank Ltd","NK SECURITIES RESEARCH PRIVATE LIMITED","BUY","11,20,291","152.67","-"
"13-JUL-2026","FINOPB","Fino Payments Bank Ltd","NK SECURITIES RESEARCH PRIVATE LIMITED","SELL","11,20,291","152.75","-"
"13-JUL-2026","FINOPB","Fino Payments Bank Ltd","QE SECURITIES LLP","SELL","5,33,667","150.08","-"
"13-JUL-2026","FINOPB","Fino Payments Bank Ltd","QE SECURITIES LLP","BUY","5,43,314","150.68","-"
"13-JUL-2026","FINOPB","Fino Payments Bank Ltd","SILVERLEAF CAPITAL SERVICES PRIVATE LIMITED","BUY","5,13,586","151.50","-"
"13-JUL-2026","FINOPB","Fino Payments Bank Ltd","SILVERLEAF CAPITAL SERVICES PRIVATE LIMITED","SELL","5,13,586","152.20","-"
"13-JUL-2026","INDIANHUME","Indian Hume Pipe Co. Ltd","REMCOM SALES SERVICES PVT LTD","BUY","3,45,000","394.43","-"
"13-JUL-2026","JSFB","Jana Small Fin Bank Ltd","MONET SECURITIES PRIVATE LTD","BUY","10,77,288","488.30","-"
"13-JUL-2026","JSFB","Jana Small Fin Bank Ltd","QRG INVESTMENTS AND HOLDINGS LIMITED","SELL","10,77,288","488.30","-"
"13-JUL-2026","JUSTDIAL","Justdial Ltd.","MICROCURVES TRADING PRIVATE LIMITED","SELL","4,90,676","646.50","-"
"13-JUL-2026","JUSTDIAL","Justdial Ltd.","MICROCURVES TRADING PRIVATE LIMITED","BUY","4,90,676","646.26","-"
"13-JUL-2026","JUSTDIAL","Justdial Ltd.","NK SECURITIES RESEARCH PRIVATE LIMITED","SELL","5,35,765","643.39","-"
"13-JUL-2026","JUSTDIAL","Justdial Ltd.","NK SECURITIES RESEARCH PRIVATE LIMITED","BUY","5,35,783","643.12","-"
"13-JUL-2026","JUSTDIAL","Justdial Ltd.","QE SECURITIES LLP","BUY","5,86,435","650.35","-"
"13-JUL-2026","JUSTDIAL","Justdial Ltd.","QE SECURITIES LLP","SELL","5,87,492","645.05","-"
"13-JUL-2026","KALYANKJIL","Kalyan Jewellers Ind Ltd","GRAVITON RESEARCH CAPITAL LLP","SELL","1,05,93,217","502.86","-"
"13-JUL-2026","KALYANKJIL","Kalyan Jewellers Ind Ltd","GRAVITON RESEARCH CAPITAL LLP","BUY","1,05,93,217","502.88","-"
"13-JUL-2026","KALYANKJIL","Kalyan Jewellers Ind Ltd","HRTI PRIVATE LIMITED","BUY","81,17,916","509.67","-"
"13-JUL-2026","KALYANKJIL","Kalyan Jewellers Ind Ltd","HRTI PRIVATE LIMITED","SELL","83,05,158","509.56","-"
"13-JUL-2026","KCK","Kck Industries Limited","SATYAJIT SHIVAJIRAO NAIK","SELL","3,40,000","16.13","-"
"13-JUL-2026","KNACK","Knack Packaging Limited","YUGA STOCKS AND COMMODITIES PRIVATE LIMITED","BUY","3,34,305","214.37","-"
"13-JUL-2026","KNACK","Knack Packaging Limited","YUGA STOCKS AND COMMODITIES PRIVATE LIMITED","SELL","10,34,305","213.11","-"
"13-JUL-2026","MANCREDIT","Mangal Credit N Fincorp L","BULLPULSE MARKETEDGE PRIVATE LIMITED","SELL","1,73,754","245.57","-"
"13-JUL-2026","MANCREDIT","Mangal Credit N Fincorp L","BULLPULSE MARKETEDGE PRIVATE LIMITED","BUY","1,74,201","244.26","-"
"13-JUL-2026","MANCREDIT","Mangal Credit N Fincorp L","SHREE NAMAN SECURITIES & FINANCE PRIVATE LIMITED","SELL","1,60,919","244.80","-"
"13-JUL-2026","MANCREDIT","Mangal Credit N Fincorp L","SHREE NAMAN SECURITIES & FINANCE PRIVATE LIMITED","BUY","1,60,919","244.60","-"
"13-JUL-2026","MOBIKWIK","One Mobikwik Systems Ltd","QE SECURITIES LLP","SELL","4,16,919","225.45","-"
"13-JUL-2026","MOBIKWIK","One Mobikwik Systems Ltd","QE SECURITIES LLP","BUY","4,26,815","225.65","-"
"13-JUL-2026","MOTISONS","Motisons Jewellers Ltd","ARIHANT CAPITAL MARKETS LIMITED","BUY","1,97,06,602","14.38","-"
"13-JUL-2026","MOTISONS","Motisons Jewellers Ltd","ARIHANT CAPITAL MARKETS LIMITED","SELL","2,06,68,519","14.30","-"
"13-JUL-2026","MOTISONS","Motisons Jewellers Ltd","HRTI PRIVATE LIMITED","BUY","59,23,914","14.30","-"
"13-JUL-2026","MOTISONS","Motisons Jewellers Ltd","HRTI PRIVATE LIMITED","SELL","60,31,656","14.32","-"
"13-JUL-2026","MPEL","Manas Polymer N Energie L","ARUN GAHLOT","BUY","68,800","41.00","-"
"13-JUL-2026","MUNISH","Munish Forge Limited","GIRIRAJ STOCK BROKING PRIVATE LIMITED","SELL","1,44,000","69.00","-"
"13-JUL-2026","MUNISH","Munish Forge Limited","NEHA MADHOK","BUY","1,44,000","69.00","-"
"13-JUL-2026","NEWGEN","Newgen Software Tech Ltd","HRTI PRIVATE LIMITED","BUY","7,29,936","569.24","-"
"13-JUL-2026","NEWGEN","Newgen Software Tech Ltd","HRTI PRIVATE LIMITED","SELL","7,36,160","572.24","-"
"13-JUL-2026","NEWGEN","Newgen Software Tech Ltd","JUNOMONETA FINSOL PRIVATE LIMITED","SELL","8,09,131","571.25","-"
"13-JUL-2026","NEWGEN","Newgen Software Tech Ltd","JUNOMONETA FINSOL PRIVATE LIMITED","BUY","8,10,429","570.93","-"
"13-JUL-2026","NEWGEN","Newgen Software Tech Ltd","MICROCURVES TRADING PRIVATE LIMITED","BUY","18,94,856","581.37","-"
"13-JUL-2026","NEWGEN","Newgen Software Tech Ltd","MICROCURVES TRADING PRIVATE LIMITED","SELL","18,94,856","581.66","-"
"13-JUL-2026","NEWGEN","Newgen Software Tech Ltd","QE SECURITIES LLP","BUY","11,85,786","576.21","-"
"13-JUL-2026","NEWGEN","Newgen Software Tech Ltd","QE SECURITIES LLP","SELL","12,41,513","571.83","-"
"13-JUL-2026","PPAP","PPAP Automotive Limited","ALPHAGREP SECURITIES PRIVATE LIMITED","SELL","1,19,464","354.18","-"
"13-JUL-2026","PPAP","PPAP Automotive Limited","ALPHAGREP SECURITIES PRIVATE LIMITED","BUY","1,19,464","354.53","-"
"13-JUL-2026","PPAP","PPAP Automotive Limited","JUNOMONETA FINSOL PRIVATE LIMITED","BUY","1,22,401","356.68","-"
"13-JUL-2026","PPAP","PPAP Automotive Limited","JUNOMONETA FINSOL PRIVATE LIMITED","SELL","1,26,080","356.74","-"
"13-JUL-2026","PPAP","PPAP Automotive Limited","MICROCURVES TRADING PRIVATE LIMITED","SELL","94,357","357.29","-"
"13-JUL-2026","PPAP","PPAP Automotive Limited","MICROCURVES TRADING PRIVATE LIMITED","BUY","94,357","357.09","-"
"13-JUL-2026","PPAP","PPAP Automotive Limited","NK SECURITIES RESEARCH PRIVATE LIMITED","SELL","1,04,314","355.52","-"
"13-JUL-2026","PPAP","PPAP Automotive Limited","NK SECURITIES RESEARCH PRIVATE LIMITED","BUY","1,04,314","355.22","-"
"13-JUL-2026","PPAP","PPAP Automotive Limited","QE SECURITIES LLP","SELL","1,01,683","352.80","-"
"13-JUL-2026","PPAP","PPAP Automotive Limited","QE SECURITIES LLP","BUY","1,02,939","355.98","-"
"13-JUL-2026","PPAP","PPAP Automotive Limited","QICAP MARKETS LLP","BUY","88,153","357.95","-"
"13-JUL-2026","PPAP","PPAP Automotive Limited","QICAP MARKETS LLP","SELL","88,153","357.25","-"
"13-JUL-2026","PPSL","Picturepost Studios Ltd","MADHU KUMARI","BUY","1,89,000","2.45","-"
"13-JUL-2026","PPSL","Picturepost Studios Ltd","RINKU MAHAVIR MEHTA","BUY","1,50,000","2.45","-"
"13-JUL-2026","PPSL","Picturepost Studios Ltd","SHAILENDRA ISHWARDAS CHANDGOTIA","SELL","7,74,000","2.45","-"
"13-JUL-2026","RICHA","Richa Info Systems Ltd","DEEPA SANDEEP DHAM","SELL","74,000","93.00","-"
"13-JUL-2026","SHANTI","Shanti Overseas (Ind) Ltd","IMC INDIA SECURITIES PRIVATE LIMITED","BUY","58,373","6.86","-"
"13-JUL-2026","SKMEGGPROD","SKM Egg Products Export","HRTI PRIVATE LIMITED","BUY","2,34,760","355.73","-"
"13-JUL-2026","SKMEGGPROD","SKM Egg Products Export","HRTI PRIVATE LIMITED","SELL","2,65,802","355.43","-"
"13-JUL-2026","SKMEGGPROD","SKM Egg Products Export","JUNOMONETA FINSOL PRIVATE LIMITED","BUY","3,34,018","358.12","-"
"13-JUL-2026","SKMEGGPROD","SKM Egg Products Export","JUNOMONETA FINSOL PRIVATE LIMITED","SELL","3,36,873","358.29","-"
"13-JUL-2026","SONATSOFTW","Sonata Software Ltd","MICROCURVES TRADING PRIVATE LIMITED","SELL","23,36,032","319.18","-"
"13-JUL-2026","SONATSOFTW","Sonata Software Ltd","MICROCURVES TRADING PRIVATE LIMITED","BUY","23,36,032","319.04","-"
"13-JUL-2026","SUMEET-RE","Sumeet Industries Ltd","AJAY MITTAL","BUY","10,00,000","2.48","-"
"13-JUL-2026","SUMEET-RE","Sumeet Industries Ltd","MANSI SHARE AND STOCK BROKING PRIVATE LIMITED","BUY","10,00,000","2.48","-"
"13-JUL-2026","SUMEET-RE","Sumeet Industries Ltd","PADMINI POLYTEX PRIVATE LIMITED","SELL","80,00,000","2.48","-"
"13-JUL-2026","SUMEET-RE","Sumeet Industries Ltd","PRIJAL TRADEFIN LLP","SELL","1,00,000","2.40","-"
"13-JUL-2026","SUMEET-RE","Sumeet Industries Ltd","PRIJAL TRADEFIN LLP","BUY","10,00,000","2.48","-"
"13-JUL-2026","SVLL","Shree Vasu Logistics Ltd","B D PLYWOODS PRIVATE LIMITED","SELL","57,501","677.55","-"
"13-JUL-2026","ZENSARTECH","Zensar Technologies -Depo","HRTI PRIVATE LIMITED","SELL","18,49,127","529.79","-"
"13-JUL-2026","ZENSARTECH","Zensar Technologies -Depo","HRTI PRIVATE LIMITED","BUY","19,53,936","532.57","-"
"13-JUL-2026","ZENSARTECH","Zensar Technologies -Depo","JUNOMONETA FINSOL PRIVATE LIMITED","BUY","16,74,292","530.25","-"
"13-JUL-2026","ZENSARTECH","Zensar Technologies -Depo","JUNOMONETA FINSOL PRIVATE LIMITED","SELL","16,75,876","530.48","-"
"13-JUL-2026","ZENSARTECH","Zensar Technologies -Depo","MICROCURVES TRADING PRIVATE LIMITED","SELL","16,86,682","535.28","-"
"13-JUL-2026","ZENSARTECH","Zensar Technologies -Depo","MICROCURVES TRADING PRIVATE LIMITED","BUY","16,86,682","534.98","-"
"13-JUL-2026","ZENSARTECH","Zensar Technologies -Depo","QE SECURITIES LLP","SELL","11,19,044","532.18","-"
"13-JUL-2026","ZENSARTECH","Zensar Technologies -Depo","QE SECURITIES LLP","BUY","11,52,318","534.55","-"
"14-JUL-2026","AASTHA","Aastha Spintex Limited","RATHOD DIGVIJAYSINH RAJENDRASINH","BUY","2,50,000","135.45","-"
"14-JUL-2026","AASTHA","Aastha Spintex Limited","RATHOD DIGVIJAYSINH RAJENDRASINH","SELL","2,92,579","135.46","-"
"14-JUL-2026","AASTHA","Aastha Spintex Limited","TRADE PULSE BROKING PRIVATE LIMITED","BUY","3,00,000","135.45","-"
"14-JUL-2026","AGIIL","Agi Infra Limited","ARIHANT CAPITAL MARKETS LIMITED","SELL","12,63,124","347.54","-"
"14-JUL-2026","AGIIL","Agi Infra Limited","ARIHANT CAPITAL MARKETS LIMITED","BUY","12,63,877","347.23","-"
"14-JUL-2026","ATALREAL","Atal Realtech Limited","ACHINTYA SECURITIES LIMITED","BUY","7,00,000","29.00","-"
"14-JUL-2026","ATALREAL","Atal Realtech Limited","ALTIZEN VENTURES LLP","BUY","10,04,565","28.76","-"
"14-JUL-2026","ATALREAL","Atal Realtech Limited","ALTIZEN VENTURES LLP","SELL","22,24,053","28.87","-"
"14-JUL-2026","ATALREAL","Atal Realtech Limited","HRTI PRIVATE LIMITED","SELL","3,18,128","28.78","-"
"14-JUL-2026","ATALREAL","Atal Realtech Limited","HRTI PRIVATE LIMITED","BUY","8,77,288","28.92","-"
"14-JUL-2026","ATALREAL","Atal Realtech Limited","VANITA SANJAY BANSAL","SELL","7,22,000","28.97","-"
"14-JUL-2026","BIOCON","Biocon Limited","ICICI PRUDENTIAL MUTUAL FUND","BUY","1,84,37,500","400.00","-"
"14-JUL-2026","BIOCON","Biocon Limited","MYLAN INC.","SELL","4,59,83,509","400.00","-"
"14-JUL-2026","COUNCODOS","Country Condo's Limited","AMIT KUMAR JAIN","SELL","3,49,186","7.53","-"
"14-JUL-2026","COUNCODOS","Country Condo's Limited","AMIT KUMAR JAIN","BUY","4,28,607","7.53","-"
"14-JUL-2026","DYCL","Dynamic Cables Limited","ALPHAGREP SECURITIES PRIVATE LIMITED","BUY","2,81,111","394.56","-"
"14-JUL-2026","DYCL","Dynamic Cables Limited","ALPHAGREP SECURITIES PRIVATE LIMITED","SELL","2,81,111","394.82","-"
"14-JUL-2026","DYCL","Dynamic Cables Limited","JUNOMONETA FINSOL PRIVATE LIMITED","BUY","4,46,084","395.18","-"
"14-JUL-2026","DYCL","Dynamic Cables Limited","JUNOMONETA FINSOL PRIVATE LIMITED","SELL","4,49,975","395.44","-"
"14-JUL-2026","DYCL","Dynamic Cables Limited","MICROCURVES TRADING PRIVATE LIMITED","SELL","3,22,956","397.60","-"
"14-JUL-2026","DYCL","Dynamic Cables Limited","MICROCURVES TRADING PRIVATE LIMITED","BUY","3,22,956","397.20","-"
"14-JUL-2026","DYCL","Dynamic Cables Limited","NK SECURITIES RESEARCH PRIVATE LIMITED","SELL","2,89,583","396.94","-"
"14-JUL-2026","DYCL","Dynamic Cables Limited","NK SECURITIES RESEARCH PRIVATE LIMITED","BUY","2,89,583","396.79","-"
"14-JUL-2026","DYCL","Dynamic Cables Limited","QE SECURITIES LLP","BUY","2,45,580","392.81","-"
"14-JUL-2026","DYCL","Dynamic Cables Limited","QE SECURITIES LLP","SELL","2,46,154","395.55","-"
"14-JUL-2026","DYCL","Dynamic Cables Limited","SILVERLEAF CAPITAL SERVICES PRIVATE LIMITED","BUY","2,52,101","396.04","-"
"14-JUL-2026","DYCL","Dynamic Cables Limited","SILVERLEAF CAPITAL SERVICES PRIVATE LIMITED","SELL","2,52,101","396.29","-"
"14-JUL-2026","EXIMROUTES","Exim Routes Limited","ALLINA  QURESHI","SELL","1,98,400","110.00","-"
"14-JUL-2026","EXIMROUTES","Exim Routes Limited","BIMA PAY TECHNOLOGY PRIVATE LIMITED","BUY","1,98,400","110.00","-"
"14-JUL-2026","FINOPB","Fino Payments Bank Ltd","ALPHAGREP SECURITIES PRIVATE LIMITED","SELL","5,66,619","177.72","-"
"14-JUL-2026","FINOPB","Fino Payments Bank Ltd","ALPHAGREP SECURITIES PRIVATE LIMITED","BUY","5,66,619","177.80","-"
"14-JUL-2026","FINOPB","Fino Payments Bank Ltd","BLITZQUANT RESEARCH LLP","BUY","9,78,587","180.87","-"
"14-JUL-2026","FINOPB","Fino Payments Bank Ltd","BLITZQUANT RESEARCH LLP","SELL","9,78,587","180.95","-"
"14-JUL-2026","FINOPB","Fino Payments Bank Ltd","CLT RESEARCH TECH PRIVATE LTD","BUY","6,94,451","180.11","-"
"14-JUL-2026","FINOPB","Fino Payments Bank Ltd","CLT RESEARCH TECH PRIVATE LTD","SELL","6,94,451","180.18","-"
"14-JUL-2026","FINOPB","Fino Payments Bank Ltd","DIPAN MEHTA COMMODITIES PRIVATE LIMITED","BUY","14,99,942","179.07","-"
"14-JUL-2026","FINOPB","Fino Payments Bank Ltd","DIPAN MEHTA COMMODITIES PRIVATE LIMITED","SELL","15,04,474","179.36","-"
"14-JUL-2026","FINOPB","Fino Payments Bank Ltd","ELIXIR WEALTH MANAGEMENT PRIVATE LIMITED","SELL","9,90,366","179.79","-"
"14-JUL-2026","FINOPB","Fino Payments Bank Ltd","ELIXIR WEALTH MANAGEMENT PRIVATE LIMITED","BUY","10,08,356","179.20","-"
"14-JUL-2026","FINOPB","Fino Payments Bank Ltd","GRT STRATEGIC VENTURES LLP","BUY","6,65,692","180.65","-"
"14-JUL-2026","FINOPB","Fino Payments Bank Ltd","GRT STRATEGIC VENTURES LLP","SELL","6,65,692","180.70","-"
"14-JUL-2026","FINOPB","Fino Payments Bank Ltd","IMC INDIA SECURITIES PRIVATE LIMITED","SELL","4,34,934","177.98","-"
"14-JUL-2026","FINOPB","Fino Payments Bank Ltd","IMC INDIA SECURITIES PRIVATE LIMITED","BUY","4,34,934","175.76","-"
"14-JUL-2026","FINOPB","Fino Payments Bank Ltd","IRAGE BROKING SERVICES LLP","SELL","7,17,911","179.37","-"
"14-JUL-2026","FINOPB","Fino Payments Bank Ltd","IRAGE BROKING SERVICES LLP","BUY","11,96,689","177.83","-"
"14-JUL-2026","FINOPB","Fino Payments Bank Ltd","JUMP TRADING FINANCIAL INDIA PRIVATE LIMITED","SELL","11,94,848","179.94","-"
"14-JUL-2026","FINOPB","Fino Payments Bank Ltd","JUMP TRADING FINANCIAL INDIA PRIVATE LIMITED","BUY","11,94,848","179.87","-"
"14-JUL-2026","FINOPB","Fino Payments Bank Ltd","JUNOMONETA FINSOL PRIVATE LIMITED","BUY","8,84,142","178.68","-"
"14-JUL-2026","FINOPB","Fino Payments Bank Ltd","JUNOMONETA FINSOL PRIVATE LIMITED","SELL","9,34,768","178.62","-"
"14-JUL-2026","FINOPB","Fino Payments Bank Ltd","MICROCURVES TRADING PRIVATE LIMITED","SELL","23,40,374","180.26","-"
"14-JUL-2026","FINOPB","Fino Payments Bank Ltd","MICROCURVES TRADING PRIVATE LIMITED","BUY","23,40,374","180.23","-"
"14-JUL-2026","FINOPB","Fino Payments Bank Ltd","NK SECURITIES RESEARCH PRIVATE LIMITED","SELL","16,72,678","179.46","-"
"14-JUL-2026","FINOPB","Fino Payments Bank Ltd","NK SECURITIES RESEARCH PRIVATE LIMITED","BUY","16,72,678","179.36","-"
"14-JUL-2026","FINOPB","Fino Payments Bank Ltd","PUMA SECURITIES","BUY","4,77,682","178.47","-"
"14-JUL-2026","FINOPB","Fino Payments Bank Ltd","PUMA SECURITIES","SELL","4,77,682","178.58","-"
"14-JUL-2026","FINOPB","Fino Payments Bank Ltd","QE SECURITIES LLP","BUY","13,29,490","179.64","-"
"14-JUL-2026","FINOPB","Fino Payments Bank Ltd","QE SECURITIES LLP","SELL","13,57,155","179.62","-"
"14-JUL-2026","FINOPB","Fino Payments Bank Ltd","SHARE INDIA SECURITIES LIMITED","BUY","4,39,498","182.16","-"
"14-JUL-2026","FINOPB","Fino Payments Bank Ltd","SHARE INDIA SECURITIES LIMITED","SELL","4,43,498","182.18","-"
"14-JUL-2026","FINOPB","Fino Payments Bank Ltd","SILVERLEAF CAPITAL SERVICES PRIVATE LIMITED","SELL","7,98,490","177.39","-"
"14-JUL-2026","FINOPB","Fino Payments Bank Ltd","SILVERLEAF CAPITAL SERVICES PRIVATE LIMITED","BUY","7,98,490","177.36","-"
"14-JUL-2026","FINOPB","Fino Payments Bank Ltd","VINSUL MAKARDI LTD","BUY","4,46,867","178.74","-"
"14-JUL-2026","FINOPB","Fino Payments Bank Ltd","VINSUL MAKARDI LTD","SELL","4,46,867","178.97","-"
"14-JUL-2026","GCSL","Gretex Corporate Services","MANSUKH SECURITIES & FINANCE LIMITED","BUY","92,118","510.58","-"
"14-JUL-2026","GCSL","Gretex Corporate Services","MANSUKH SECURITIES & FINANCE LIMITED","SELL","1,21,142","508.05","-"
"14-JUL-2026","HARIOMPIPE","Hariom Pipe Industries L","JUNOMONETA FINSOL PRIVATE LIMITED","SELL","1,95,456","416.25","-"
"14-JUL-2026","HARIOMPIPE","Hariom Pipe Industries L","JUNOMONETA FINSOL PRIVATE LIMITED","BUY","1,97,529","415.81","-"
"14-JUL-2026","HARIOMPIPE","Hariom Pipe Industries L","MICROCURVES TRADING PRIVATE LIMITED","SELL","1,80,990","420.20","-"
"14-JUL-2026","HARIOMPIPE","Hariom Pipe Industries L","MICROCURVES TRADING PRIVATE LIMITED","BUY","1,80,990","419.99","-"
"14-JUL-2026","HARIOMPIPE","Hariom Pipe Industries L","QE SECURITIES LLP","SELL","2,66,284","413.57","-"
"14-JUL-2026","HARIOMPIPE","Hariom Pipe Industries L","QE SECURITIES LLP","BUY","2,67,958","415.59","-"
"14-JUL-2026","IKIO","IKIO Technologies Limited","HRTI PRIVATE LIMITED","BUY","4,98,808","218.25","-"
"14-JUL-2026","IKIO","IKIO Technologies Limited","HRTI PRIVATE LIMITED","SELL","5,05,837","219.64","-"
"14-JUL-2026","IKIO","IKIO Technologies Limited","JUNOMONETA FINSOL PRIVATE LIMITED","SELL","5,91,306","219.33","-"
"14-JUL-2026","IKIO","IKIO Technologies Limited","JUNOMONETA FINSOL PRIVATE LIMITED","BUY","5,93,470","219.46","-"
"14-JUL-2026","JUSTDIAL","Justdial Ltd.","BLITZQUANT RESEARCH LLP","SELL","7,24,056","760.12","-"
"14-JUL-2026","JUSTDIAL","Justdial Ltd.","BLITZQUANT RESEARCH LLP","BUY","7,24,056","759.81","-"
"14-JUL-2026","JUSTDIAL","Justdial Ltd.","DIPAN MEHTA COMMODITIES PRIVATE LIMITED","SELL","4,94,438","765.22","-"
"14-JUL-2026","JUSTDIAL","Justdial Ltd.","DIPAN MEHTA COMMODITIES PRIVATE LIMITED","BUY","4,94,438","764.52","-"
"14-JUL-2026","JUSTDIAL","Justdial Ltd.","ELIXIR WEALTH MANAGEMENT PRIVATE LIMITED","SELL","8,66,392","763.68","-"
"14-JUL-2026","JUSTDIAL","Justdial Ltd.","ELIXIR WEALTH MANAGEMENT PRIVATE LIMITED","BUY","8,69,392","762.85","-"
"14-JUL-2026","JUSTDIAL","Justdial Ltd.","GRT STRATEGIC VENTURES LLP","SELL","5,21,724","763.39","-"
"14-JUL-2026","JUSTDIAL","Justdial Ltd.","GRT STRATEGIC VENTURES LLP","BUY","5,21,724","763.03","-"
"14-JUL-2026","JUSTDIAL","Justdial Ltd.","IRAGE BROKING SERVICES LLP","SELL","11,20,214","762.39","-"
"14-JUL-2026","JUSTDIAL","Justdial Ltd.","IRAGE BROKING SERVICES LLP","BUY","14,07,094","763.37","-"
"14-JUL-2026","JUSTDIAL","Justdial Ltd.","JUMP TRADING FINANCIAL INDIA PRIVATE LIMITED","SELL","5,48,114","765.06","-"
"14-JUL-2026","JUSTDIAL","Justdial Ltd.","JUMP TRADING FINANCIAL INDIA PRIVATE LIMITED","BUY","5,48,114","764.38","-"
"14-JUL-2026","JUSTDIAL","Justdial Ltd.","JUNOMONETA FINSOL PRIVATE LIMITED","BUY","6,28,569","763.39","-"
"14-JUL-2026","JUSTDIAL","Justdial Ltd.","JUNOMONETA FINSOL PRIVATE LIMITED","SELL","6,31,707","763.98","-"
"14-JUL-2026","JUSTDIAL","Justdial Ltd.","MICROCURVES TRADING PRIVATE LIMITED","BUY","15,48,791","763.66","-"
"14-JUL-2026","JUSTDIAL","Justdial Ltd.","MICROCURVES TRADING PRIVATE LIMITED","SELL","15,48,791","764.10","-"
"14-JUL-2026","JUSTDIAL","Justdial Ltd.","MUSIGMA SECURITIES","BUY","6,51,383","765.50","-"
"14-JUL-2026","JUSTDIAL","Justdial Ltd.","MUSIGMA SECURITIES","SELL","6,51,383","765.79","-"
"14-JUL-2026","JUSTDIAL","Justdial Ltd.","NK SECURITIES RESEARCH PRIVATE LIMITED","SELL","15,71,519","761.95","-"
"14-JUL-2026","JUSTDIAL","Justdial Ltd.","NK SECURITIES RESEARCH PRIVATE LIMITED","BUY","15,71,519","761.61","-"
"14-JUL-2026","JUSTDIAL","Justdial Ltd.","QE SECURITIES LLP","BUY","10,40,496","760.54","-"
"14-JUL-2026","JUSTDIAL","Justdial Ltd.","QE SECURITIES LLP","SELL","10,63,487","759.97","-"
"14-JUL-2026","KALYANKJIL","Kalyan Jewellers Ind Ltd","GRAVITON RESEARCH CAPITAL LLP","SELL","86,91,207","523.59","-"
"14-JUL-2026","KALYANKJIL","Kalyan Jewellers Ind Ltd","GRAVITON RESEARCH CAPITAL LLP","BUY","86,91,207","523.63","-"
"14-JUL-2026","KALYANKJIL","Kalyan Jewellers Ind Ltd","HRTI PRIVATE LIMITED","BUY","53,49,531","525.44","-"
"14-JUL-2026","KALYANKJIL","Kalyan Jewellers Ind Ltd","HRTI PRIVATE LIMITED","SELL","58,61,604","525.05","-"
"14-JUL-2026","KCK","Kck Industries Limited","SATYAJIT SHIVAJIRAO NAIK","SELL","15,000","15.88","-"
"14-JUL-2026","KCK","Kck Industries Limited","SATYAJIT SHIVAJIRAO NAIK","BUY","4,70,000","16.11","-"
"14-JUL-2026","LANDMARK","Landmark Cars Limited","IRAGE BROKING SERVICES LLP","SELL","2,16,905","481.73","-"
"14-JUL-2026","LANDMARK","Landmark Cars Limited","IRAGE BROKING SERVICES LLP","BUY","2,42,069","482.41","-"
"14-JUL-2026","LANDMARK","Landmark Cars Limited","JUNOMONETA FINSOL PRIVATE LIMITED","SELL","2,69,547","481.46","-"
"14-JUL-2026","LANDMARK","Landmark Cars Limited","JUNOMONETA FINSOL PRIVATE LIMITED","BUY","2,76,857","481.51","-"
"14-JUL-2026","LANDMARK","Landmark Cars Limited","MICROCURVES TRADING PRIVATE LIMITED","SELL","4,32,782","482.92","-"
"14-JUL-2026","LANDMARK","Landmark Cars Limited","MICROCURVES TRADING PRIVATE LIMITED","BUY","4,32,782","482.77","-"
"14-JUL-2026","LANDMARK","Landmark Cars Limited","NK SECURITIES RESEARCH PRIVATE LIMITED","SELL","4,20,851","481.77","-"
"14-JUL-2026","LANDMARK","Landmark Cars Limited","NK SECURITIES RESEARCH PRIVATE LIMITED","BUY","4,21,991","481.54","-"
"14-JUL-2026","LANDMARK","Landmark Cars Limited","SILVERLEAF CAPITAL SERVICES PRIVATE LIMITED","BUY","2,87,523","476.75","-"
"14-JUL-2026","LANDMARK","Landmark Cars Limited","SILVERLEAF CAPITAL SERVICES PRIVATE LIMITED","SELL","2,87,523","476.32","-"
"14-JUL-2026","MOBIKWIK","One Mobikwik Systems Ltd","HRTI PRIVATE LIMITED","BUY","2,91,834","229.70","-"
"14-JUL-2026","MOBIKWIK","One Mobikwik Systems Ltd","HRTI PRIVATE LIMITED","SELL","4,24,842","228.48","-"
"14-JUL-2026","MPEL","Manas Polymer N Energie L","AMIT CHAUDHARY","BUY","48,000","40.05","-"
"14-JUL-2026","MPEL","Manas Polymer N Energie L","AMIT CHAUDHARY","SELL","49,600","40.00","-"
"14-JUL-2026","MPEL","Manas Polymer N Energie L","ARUN GAHLOT","SELL","48,000","40.05","-"
"14-JUL-2026","MUNISH","Munish Forge Limited","CAPACIOUS WEALTH MANAGEMENT LLP","SELL","1,89,600","69.05","-"
"14-JUL-2026","MUNISH","Munish Forge Limited","NEHA MADHOK","BUY","1,45,200","69.00","-"
"14-JUL-2026","MUNISH","Munish Forge Limited","VIPIN DAGA","SELL","1,57,200","69.00","-"
"14-JUL-2026","ORIENTTECH","Orient Technologies Ltd","ALPHAGREP SECURITIES PRIVATE LIMITED","SELL","5,23,283","289.15","-"
"14-JUL-2026","ORIENTTECH","Orient Technologies Ltd","ALPHAGREP SECURITIES PRIVATE LIMITED","BUY","5,23,283","288.99","-"
"14-JUL-2026","ORIENTTECH","Orient Technologies Ltd","HRTI PRIVATE LIMITED","SELL","3,37,140","288.56","-"
"14-JUL-2026","ORIENTTECH","Orient Technologies Ltd","HRTI PRIVATE LIMITED","BUY","3,46,405","287.74","-"
"14-JUL-2026","ORIENTTECH","Orient Technologies Ltd","JUMP TRADING FINANCIAL INDIA PRIVATE LIMITED","BUY","2,92,470","288.17","-"
"14-JUL-2026","ORIENTTECH","Orient Technologies Ltd","JUMP TRADING FINANCIAL INDIA PRIVATE LIMITED","SELL","2,92,470","288.29","-"
"14-JUL-2026","ORIENTTECH","Orient Technologies Ltd","JUNOMONETA FINSOL PRIVATE LIMITED","SELL","4,36,540","288.91","-"
"14-JUL-2026","ORIENTTECH","Orient Technologies Ltd","JUNOMONETA FINSOL PRIVATE LIMITED","BUY","4,40,486","288.70","-"
"14-JUL-2026","ORIENTTECH","Orient Technologies Ltd","MICROCURVES TRADING PRIVATE LIMITED","SELL","5,66,551","290.13","-"
"14-JUL-2026","ORIENTTECH","Orient Technologies Ltd","MICROCURVES TRADING PRIVATE LIMITED","BUY","5,66,551","289.94","-"
"14-JUL-2026","ORIENTTECH","Orient Technologies Ltd","MUSIGMA SECURITIES","SELL","2,48,257","290.76","-"
"14-JUL-2026","ORIENTTECH","Orient Technologies Ltd","MUSIGMA SECURITIES","BUY","2,48,257","290.70","-"
"14-JUL-2026","ORIENTTECH","Orient Technologies Ltd","NK SECURITIES RESEARCH PRIVATE LIMITED","BUY","5,86,416","288.68","-"
"14-JUL-2026","ORIENTTECH","Orient Technologies Ltd","NK SECURITIES RESEARCH PRIVATE LIMITED","SELL","5,86,416","288.81","-"
"14-JUL-2026","ORIENTTECH","Orient Technologies Ltd","PUMA SECURITIES","SELL","2,31,876","288.92","-"
"14-JUL-2026","ORIENTTECH","Orient Technologies Ltd","PUMA SECURITIES","BUY","2,31,876","288.95","-"
"14-JUL-2026","ORIENTTECH","Orient Technologies Ltd","QE SECURITIES LLP","BUY","3,46,141","288.81","-"
"14-JUL-2026","ORIENTTECH","Orient Technologies Ltd","QE SECURITIES LLP","SELL","3,52,986","289.52","-"
"14-JUL-2026","ORIENTTECH","Orient Technologies Ltd","VINSUL MAKARDI LTD","SELL","2,64,623","288.55","-"
"14-JUL-2026","ORIENTTECH","Orient Technologies Ltd","VINSUL MAKARDI LTD","BUY","2,64,623","288.08","-"
"14-JUL-2026","PPSL","Picturepost Studios Ltd","SHAILENDRA ISHWARDAS CHANDGOTIA","SELL","7,29,000","2.39","-"
"14-JUL-2026","PRANIK","Pranik Logistics Limited","ALLINA  QURESHI","SELL","96,000","43.00","-"
"14-JUL-2026","PRANIK","Pranik Logistics Limited","BIMA PAY TECHNOLOGY PRIVATE LIMITED","BUY","96,000","43.00","-"
"14-JUL-2026","RADIOWALLA","Radiowalla Network Ltd","AMRITAANSHU AGRAWAL","BUY","1,47,200","24.54","-"
"14-JUL-2026","RADIOWALLA","Radiowalla Network Ltd","BENGAL FINANCE & INVESTMENT PRIVATE LIMITED","SELL","1,44,000","24.50","-"
"14-JUL-2026","RAMCOSYS","Ramco Systems Limited","HRTI PRIVATE LIMITED","SELL","1,55,583","858.09","-"
"14-JUL-2026","RAMCOSYS","Ramco Systems Limited","HRTI PRIVATE LIMITED","BUY","1,88,764","849.61","-"
"14-JUL-2026","SATKARTAR","Sat Kartar Life Limited","ALLINA  QURESHI","SELL","1,60,000","132.50","-"
"14-JUL-2026","SATKARTAR","Sat Kartar Life Limited","BIMA PAY TECHNOLOGY PRIVATE LIMITED","BUY","1,60,000","132.50","-"
"14-JUL-2026","SGFIN","SG Finserve Limited","CLASSIC ENTERPRISES","SELL","3,24,456","628.57","-"
"14-JUL-2026","SINTERCOM","Sintercom India Limited","BELLWETHER CAPITAL PRIVATE LIMITED","SELL","2,30,000","77.00","-"
"14-JUL-2026","SUMEET-RE","Sumeet Industries Ltd","AJAY MITTAL","BUY","19,50,000","2.50","-"
"14-JUL-2026","SUMEET-RE","Sumeet Industries Ltd","NEO APEX SHARE BROKING SERVICES LLP","BUY","11,25,000","2.50","-"
"14-JUL-2026","SUMEET-RE","Sumeet Industries Ltd","PADMINI POLYTEX PRIVATE LIMITED","SELL","1,57,50,000","2.50","-"
"14-JUL-2026","SUMEET-RE","Sumeet Industries Ltd","PRIJAL TRADEFIN LLP","BUY","1,00,000","2.52","-"
"14-JUL-2026","SUMEET-RE","Sumeet Industries Ltd","PRIJAL TRADEFIN LLP","SELL","9,40,000","2.61","-"
"14-JUL-2026","TBZ","Trib Bhimji Zaveri Ltd","HRTI PRIVATE LIMITED","BUY","6,27,298","251.77","-"
"14-JUL-2026","TBZ","Trib Bhimji Zaveri Ltd","HRTI PRIVATE LIMITED","SELL","6,52,242","250.90","-"
"14-JUL-2026","TBZ","Trib Bhimji Zaveri Ltd","JUNOMONETA FINSOL PRIVATE LIMITED","BUY","8,69,864","253.30","-"
"14-JUL-2026","TBZ","Trib Bhimji Zaveri Ltd","JUNOMONETA FINSOL PRIVATE LIMITED","SELL","8,77,361","253.33","-"
"14-JUL-2026","TBZ","Trib Bhimji Zaveri Ltd","MICROCURVES TRADING PRIVATE LIMITED","SELL","5,59,879","253.42","-"
"14-JUL-2026","TBZ","Trib Bhimji Zaveri Ltd","MICROCURVES TRADING PRIVATE LIMITED","BUY","5,59,879","253.54","-"
"14-JUL-2026","TBZ","Trib Bhimji Zaveri Ltd","NK SECURITIES RESEARCH PRIVATE LIMITED","SELL","4,41,740","256.33","-"
"14-JUL-2026","TBZ","Trib Bhimji Zaveri Ltd","NK SECURITIES RESEARCH PRIVATE LIMITED","BUY","4,41,740","256.18","-"
"14-JUL-2026","TBZ","Trib Bhimji Zaveri Ltd","QE SECURITIES LLP","SELL","6,21,443","251.52","-"
"14-JUL-2026","TBZ","Trib Bhimji Zaveri Ltd","QE SECURITIES LLP","BUY","6,36,739","252.95","-"
"14-JUL-2026","WANBURY","Wanbury Limited","GRT STRATEGIC VENTURES LLP","SELL","1,75,309","338.66","-"
"14-JUL-2026","WANBURY","Wanbury Limited","GRT STRATEGIC VENTURES LLP","BUY","1,75,309","338.33","-"
"14-JUL-2026","WANBURY","Wanbury Limited","JUNOMONETA FINSOL PRIVATE LIMITED","BUY","3,24,712","337.78","-"
"14-JUL-2026","WANBURY","Wanbury Limited","JUNOMONETA FINSOL PRIVATE LIMITED","SELL","3,29,561","338.14","-"
"14-JUL-2026","WANBURY","Wanbury Limited","NK SECURITIES RESEARCH PRIVATE LIMITED","BUY","1,76,345","336.68","-"
"14-JUL-2026","WANBURY","Wanbury Limited","NK SECURITIES RESEARCH PRIVATE LIMITED","SELL","1,76,345","336.91","-"
"14-JUL-2026","WANBURY","Wanbury Limited","SILVERLEAF CAPITAL SERVICES PRIVATE LIMITED","BUY","1,75,081","338.88","-"
"14-JUL-2026","WANBURY","Wanbury Limited","SILVERLEAF CAPITAL SERVICES PRIVATE LIMITED","SELL","1,75,081","338.92","-"
"14-JUL-2026","YATHARTH","Yatharth Hosp & Tra C S L","CLASSIC ENTERPRISES","SELL","5,00,000","814.35","-"
"14-JUL-2026","YATHARTH","Yatharth Hosp & Tra C S L","HR GLOBAL MANUFACTURING PRIVATE LIMITED","BUY","5,00,000","814.72","-"
"14-JUL-2026","ZENSARTECH","Zensar Technologies -Depo","HRTI PRIVATE LIMITED","BUY","9,99,636","539.85","-"
"14-JUL-2026","ZENSARTECH","Zensar Technologies -Depo","HRTI PRIVATE LIMITED","SELL","11,70,881","542.66","-"
"15-JUL-2026","ACCORD","Accord Synergy Limited","GREEN PEAKS ENTERPRISES LLP","BUY","12,000","210.65","-"
"15-JUL-2026","ACCORD","Accord Synergy Limited","GREEN PEAKS ENTERPRISES LLP","SELL","18,000","210.36","-"
"15-JUL-2026","AMBAAUTO","Amba Auto Sales and Ser L","ANISH RAMJI SHAH","SELL","96,000","86.53","-"
"15-JUL-2026","ATALREAL","Atal Realtech Limited","ACHINTYA SECURITIES LIMITED","BUY","7,00,000","29.49","-"
"15-JUL-2026","ATALREAL","Atal Realtech Limited","ACME CAPITAL MARKET LIMITED","BUY","7,98,091","29.17","-"
"15-JUL-2026","ATALREAL","Atal Realtech Limited","ACME CAPITAL MARKET LIMITED","SELL","7,98,091","29.34","-"
"15-JUL-2026","ATALREAL","Atal Realtech Limited","ALTIZEN VENTURES LLP","SELL","7,74,605","29.46","-"
"15-JUL-2026","ATALREAL","Atal Realtech Limited","ALTIZEN VENTURES LLP","BUY","10,25,313","29.40","-"
"15-JUL-2026","BALUFORGE","Balu Forge Industries Ltd","L7 SECURITIES PRIVATE LIMITED","SELL","7,15,000","448.84","-"
"15-JUL-2026","BALUFORGE","Balu Forge Industries Ltd","SNORD TRADING PRIVATE LIMITED","BUY","7,15,000","448.86","-"
"15-JUL-2026","BECTORFOOD","Mrs Bectors Food Spe Ltd","ABAKKUS  INVESTMENT MANAGERS PRIVATE LIMITED","BUY","29,39,588","168.97","-"
"15-JUL-2026","COMSYN","Commercial Syn Bags Ltd","L7 SECURITIES PRIVATE LIMITED","SELL","2,72,285","191.31","-"
"15-JUL-2026","COMSYN","Commercial Syn Bags Ltd","TRADEFLOW DYNAMICS PRIVATE LIMITED","BUY","2,72,285","191.31","-"
"15-JUL-2026","ELIN","Elin Electronics Limited","GRT STRATEGIC VENTURES LLP","BUY","2,60,101","113.77","-"
"15-JUL-2026","ELIN","Elin Electronics Limited","GRT STRATEGIC VENTURES LLP","SELL","2,60,101","113.85","-"
"15-JUL-2026","ELIN","Elin Electronics Limited","NK SECURITIES RESEARCH PRIVATE LIMITED","SELL","4,32,187","113.69","-"
"15-JUL-2026","ELIN","Elin Electronics Limited","NK SECURITIES RESEARCH PRIVATE LIMITED","BUY","4,32,187","113.60","-"
"15-JUL-2026","ELIN","Elin Electronics Limited","SILVERLEAF CAPITAL SERVICES PRIVATE LIMITED","SELL","3,61,167","114.11","-"
"15-JUL-2026","ELIN","Elin Electronics Limited","SILVERLEAF CAPITAL SERVICES PRIVATE LIMITED","BUY","3,61,167","114.10","-"
"15-JUL-2026","FEDDERSHOL","Fedders Holding Ltd.","BULLPULSE MARKETEDGE PRIVATE LIMITED","BUY","16,35,195","48.22","-"
"15-JUL-2026","FEDDERSHOL","Fedders Holding Ltd.","BULLPULSE MARKETEDGE PRIVATE LIMITED","SELL","16,35,195","47.15","-"
"15-JUL-2026","FINOPB","Fino Payments Bank Ltd","DIPAN MEHTA COMMODITIES PRIVATE LIMITED","SELL","4,21,511","176.10","-"
"15-JUL-2026","FINOPB","Fino Payments Bank Ltd","DIPAN MEHTA COMMODITIES PRIVATE LIMITED","BUY","4,36,364","175.15","-"
"15-JUL-2026","FINOPB","Fino Payments Bank Ltd","ELIXIR WEALTH MANAGEMENT PRIVATE LIMITED","BUY","4,49,662","177.30","-"
"15-JUL-2026","FINOPB","Fino Payments Bank Ltd","ELIXIR WEALTH MANAGEMENT PRIVATE LIMITED","SELL","4,72,662","178.47","-"
"15-JUL-2026","FINOPB","Fino Payments Bank Ltd","HRTI PRIVATE LIMITED","SELL","7,01,989","177.05","-"
"15-JUL-2026","FINOPB","Fino Payments Bank Ltd","HRTI PRIVATE LIMITED","BUY","7,61,130","174.13","-"
"15-JUL-2026","FINOPB","Fino Payments Bank Ltd","JUNOMONETA FINSOL PRIVATE LIMITED","SELL","10,40,106","175.74","-"
"15-JUL-2026","FINOPB","Fino Payments Bank Ltd","JUNOMONETA FINSOL PRIVATE LIMITED","BUY","10,44,016","175.66","-"
"15-JUL-2026","FINOPB","Fino Payments Bank Ltd","QE SECURITIES LLP","SELL","8,79,295","175.75","-"
"15-JUL-2026","FINOPB","Fino Payments Bank Ltd","QE SECURITIES LLP","BUY","9,07,833","174.84","-"
"15-JUL-2026","GCSL","Gretex Corporate Services","MANSUKH SECURITIES & FINANCE LIMITED","SELL","1,19,877","507.55","-"
"15-JUL-2026","GCSL","Gretex Corporate Services","MANSUKH SECURITIES & FINANCE LIMITED","BUY","1,96,431","506.47","-"
"15-JUL-2026","GCSL","Gretex Corporate Services","MOHAMED IRFAN MOHAMED LATIF SHAIKH","SELL","6,73,000","506.45","-"
"15-JUL-2026","GCSL","Gretex Corporate Services","TRADE PULSE BROKING PRIVATE LIMITED","BUY","1,30,000","508.40","-"
"15-JUL-2026","ITDC","India Tour. Dev. Co. Ltd.","HRTI PRIVATE LIMITED","SELL","5,39,994","766.81","-"
"15-JUL-2026","ITDC","India Tour. Dev. Co. Ltd.","HRTI PRIVATE LIMITED","BUY","5,54,199","775.66","-"
"15-JUL-2026","ITDC","India Tour. Dev. Co. Ltd.","JUNOMONETA FINSOL PRIVATE LIMITED","SELL","6,23,310","772.31","-"
"15-JUL-2026","ITDC","India Tour. Dev. Co. Ltd.","JUNOMONETA FINSOL PRIVATE LIMITED","BUY","6,26,406","772.17","-"
"15-JUL-2026","ITDC","India Tour. Dev. Co. Ltd.","MICROCURVES TRADING PRIVATE LIMITED","SELL","7,69,056","774.34","-"
"15-JUL-2026","ITDC","India Tour. Dev. Co. Ltd.","MICROCURVES TRADING PRIVATE LIMITED","BUY","7,69,056","774.16","-"
"15-JUL-2026","ITDC","India Tour. Dev. Co. Ltd.","QE SECURITIES LLP","BUY","5,28,856","770.57","-"
"15-JUL-2026","ITDC","India Tour. Dev. Co. Ltd.","QE SECURITIES LLP","SELL","5,34,020","766.91","-"
"15-JUL-2026","JUSTDIAL","Justdial Ltd.","BLITZQUANT RESEARCH LLP","BUY","5,35,642","818.67","-"
"15-JUL-2026","JUSTDIAL","Justdial Ltd.","BLITZQUANT RESEARCH LLP","SELL","5,35,642","819.02","-"
"15-JUL-2026","JUSTDIAL","Justdial Ltd.","HRTI PRIVATE LIMITED","BUY","4,24,830","812.33","-"
"15-JUL-2026","JUSTDIAL","Justdial Ltd.","HRTI PRIVATE LIMITED","SELL","4,36,218","817.92","-"
"15-JUL-2026","JUSTDIAL","Justdial Ltd.","IRAGE BROKING SERVICES LLP","SELL","5,21,729","819.20","-"
"15-JUL-2026","JUSTDIAL","Justdial Ltd.","IRAGE BROKING SERVICES LLP","BUY","5,22,487","820.27","-"
"15-JUL-2026","JUSTDIAL","Justdial Ltd.","JUNOMONETA FINSOL PRIVATE LIMITED","SELL","14,59,043","818.64","-"
"15-JUL-2026","JUSTDIAL","Justdial Ltd.","JUNOMONETA FINSOL PRIVATE LIMITED","BUY","14,61,895","818.27","-"
"15-JUL-2026","JUSTDIAL","Justdial Ltd.","MICROCURVES TRADING PRIVATE LIMITED","SELL","6,47,378","818.25","-"
"15-JUL-2026","JUSTDIAL","Justdial Ltd.","MICROCURVES TRADING PRIVATE LIMITED","BUY","6,47,378","817.98","-"
"15-JUL-2026","JUSTDIAL","Justdial Ltd.","NK SECURITIES RESEARCH PRIVATE LIMITED","SELL","4,40,896","819.45","-"
"15-JUL-2026","JUSTDIAL","Justdial Ltd.","NK SECURITIES RESEARCH PRIVATE LIMITED","BUY","4,40,896","819.01","-"
"15-JUL-2026","JUSTDIAL","Justdial Ltd.","QE SECURITIES LLP","SELL","7,98,737","819.35","-"
"15-JUL-2026","JUSTDIAL","Justdial Ltd.","QE SECURITIES LLP","BUY","8,02,990","817.65","-"
"15-JUL-2026","KALYANKJIL","Kalyan Jewellers Ind Ltd","GRAVITON RESEARCH CAPITAL LLP","BUY","74,93,504","537.03","-"
"15-JUL-2026","KALYANKJIL","Kalyan Jewellers Ind Ltd","GRAVITON RESEARCH CAPITAL LLP","SELL","74,93,504","537.17","-"
"15-JUL-2026","KSOLVES","Ksolves India Limited","SILVERLEAF CAPITAL SERVICES PRIVATE LIMITED","SELL","1,53,732","331.38","-"
"15-JUL-2026","KSOLVES","Ksolves India Limited","SILVERLEAF CAPITAL SERVICES PRIVATE LIMITED","BUY","1,53,732","331.64","-"
"15-JUL-2026","KUSUMGAR","Kusumgar Limited","IRAGE BROKING SERVICES LLP","BUY","5,14,275","595.88","-"
"15-JUL-2026","KUSUMGAR","Kusumgar Limited","IRAGE BROKING SERVICES LLP","SELL","6,82,975","592.75","-"
"15-JUL-2026","KUSUMGAR","Kusumgar Limited","NK SECURITIES RESEARCH PRIVATE LIMITED","BUY","8,01,853","599.10","-"
"15-JUL-2026","KUSUMGAR","Kusumgar Limited","NK SECURITIES RESEARCH PRIVATE LIMITED","SELL","8,01,853","599.43","-"
"15-JUL-2026","KUSUMGAR","Kusumgar Limited","S I INVESTMENTS ## BROKING PVT.LTD","BUY","5,33,229","579.14","-"
"15-JUL-2026","LANDMARK","Landmark Cars Limited","ALPHAGREP SECURITIES PRIVATE LIMITED","BUY","3,63,245","549.39","-"
"15-JUL-2026","LANDMARK","Landmark Cars Limited","ALPHAGREP SECURITIES PRIVATE LIMITED","SELL","3,63,245","549.71","-"
"15-JUL-2026","LANDMARK","Landmark Cars Limited","DIPAN MEHTA COMMODITIES PRIVATE LIMITED","SELL","2,79,479","549.58","-"
"15-JUL-2026","LANDMARK","Landmark Cars Limited","DIPAN MEHTA COMMODITIES PRIVATE LIMITED","BUY","2,81,263","549.79","-"
"15-JUL-2026","LANDMARK","Landmark Cars Limited","ELIXIR WEALTH MANAGEMENT PRIVATE LIMITED","SELL","4,39,544","547.47","-"
"15-JUL-2026","LANDMARK","Landmark Cars Limited","ELIXIR WEALTH MANAGEMENT PRIVATE LIMITED","BUY","4,45,544","545.96","-"
"15-JUL-2026","LANDMARK","Landmark Cars Limited","GRT STRATEGIC VENTURES LLP","SELL","4,85,794","541.38","-"
"15-JUL-2026","LANDMARK","Landmark Cars Limited","GRT STRATEGIC VENTURES LLP","BUY","4,85,794","541.16","-"
"15-JUL-2026","LANDMARK","Landmark Cars Limited","IRAGE BROKING SERVICES LLP","SELL","6,73,965","545.46","-"
"15-JUL-2026","LANDMARK","Landmark Cars Limited","IRAGE BROKING SERVICES LLP","BUY","8,45,470","546.86","-"
"15-JUL-2026","LANDMARK","Landmark Cars Limited","JUMP TRADING FINANCIAL INDIA PRIVATE LIMITED","SELL","4,87,232","549.02","-"
"15-JUL-2026","LANDMARK","Landmark Cars Limited","JUMP TRADING FINANCIAL INDIA PRIVATE LIMITED","BUY","4,87,232","546.87","-"
"15-JUL-2026","LANDMARK","Landmark Cars Limited","JUNOMONETA FINSOL PRIVATE LIMITED","SELL","8,70,205","545.33","-"
"15-JUL-2026","LANDMARK","Landmark Cars Limited","JUNOMONETA FINSOL PRIVATE LIMITED","BUY","8,80,590","545.19","-"
"15-JUL-2026","LANDMARK","Landmark Cars Limited","MICROCURVES TRADING PRIVATE LIMITED","BUY","22,42,468","548.96","-"
"15-JUL-2026","LANDMARK","Landmark Cars Limited","MICROCURVES TRADING PRIVATE LIMITED","SELL","22,42,468","549.19","-"
"15-JUL-2026","LANDMARK","Landmark Cars Limited","MUSIGMA SECURITIES","SELL","4,05,181","546.34","-"
"15-JUL-2026","LANDMARK","Landmark Cars Limited","MUSIGMA SECURITIES","BUY","4,05,181","546.36","-"
"15-JUL-2026","LANDMARK","Landmark Cars Limited","NK SECURITIES RESEARCH PRIVATE LIMITED","BUY","8,24,576","552.24","-"
"15-JUL-2026","LANDMARK","Landmark Cars Limited","NK SECURITIES RESEARCH PRIVATE LIMITED","SELL","8,25,460","552.48","-"
"15-JUL-2026","LANDMARK","Landmark Cars Limited","QE SECURITIES LLP","SELL","6,67,517","551.02","-"
"15-JUL-2026","LANDMARK","Landmark Cars Limited","QE SECURITIES LLP","BUY","6,80,267","549.96","-"
"15-JUL-2026","LANDMARK","Landmark Cars Limited","SILVERLEAF CAPITAL SERVICES PRIVATE LIMITED","BUY","2,99,035","544.71","-"
"15-JUL-2026","LANDMARK","Landmark Cars Limited","SILVERLEAF CAPITAL SERVICES PRIVATE LIMITED","SELL","2,99,035","545.19","-"
"15-JUL-2026","LANDMARK","Landmark Cars Limited","VINSUL MAKARDI LTD","BUY","2,82,488","544.12","-"
"15-JUL-2026","LANDMARK","Landmark Cars Limited","VINSUL MAKARDI LTD","SELL","2,82,488","544.70","-"
"15-JUL-2026","MOBIKWIK","One Mobikwik Systems Ltd","FLC INVESTCO LLC","SELL","7,12,358","232.02","-"
"15-JUL-2026","NUVOCO","Nuvoco Vistas Corp Ltd","JUNOMONETA FINSOL PRIVATE LIMITED","BUY","20,18,044","381.93","-"
"15-JUL-2026","NUVOCO","Nuvoco Vistas Corp Ltd","JUNOMONETA FINSOL PRIVATE LIMITED","SELL","20,18,893","382.14","-"
"15-JUL-2026","NUVOCO","Nuvoco Vistas Corp Ltd","MICROCURVES TRADING PRIVATE LIMITED","BUY","31,12,562","384.13","-"
"15-JUL-2026","NUVOCO","Nuvoco Vistas Corp Ltd","MICROCURVES TRADING PRIVATE LIMITED","SELL","31,12,562","384.39","-"
"15-JUL-2026","NUVOCO","Nuvoco Vistas Corp Ltd","QE SECURITIES LLP","SELL","21,76,076","381.39","-"
"15-JUL-2026","NUVOCO","Nuvoco Vistas Corp Ltd","QE SECURITIES LLP","BUY","21,85,826","382.17","-"
"15-JUL-2026","ORIENTTECH","Orient Technologies Ltd","JUNOMONETA FINSOL PRIVATE LIMITED","SELL","2,81,693","292.28","-"
"15-JUL-2026","ORIENTTECH","Orient Technologies Ltd","JUNOMONETA FINSOL PRIVATE LIMITED","BUY","2,81,850","292.03","-"
"15-JUL-2026","ORIENTTECH","Orient Technologies Ltd","QE SECURITIES LLP","BUY","3,28,461","292.02","-"
"15-JUL-2026","ORIENTTECH","Orient Technologies Ltd","QE SECURITIES LLP","SELL","3,30,790","294.04","-"
"15-JUL-2026","PATANJALI","Patanjali Foods Limited","GRAVITON RESEARCH CAPITAL LLP","SELL","93,42,189","351.70","-"
"15-JUL-2026","PATANJALI","Patanjali Foods Limited","GRAVITON RESEARCH CAPITAL LLP","BUY","93,42,189","351.51","-"
"15-JUL-2026","PCJEWELLER","PC Jeweller Ltd","HRTI PRIVATE LIMITED","SELL","4,19,23,196","10.49","-"
"15-JUL-2026","PCJEWELLER","PC Jeweller Ltd","HRTI PRIVATE LIMITED","BUY","6,52,37,130","10.51","-"
"15-JUL-2026","PNC","Pritish Nandy Comm. Ltd.","ORION STOCKS LTD","BUY","42,754","19.82","-"
"15-JUL-2026","PNC","Pritish Nandy Comm. Ltd.","ORION STOCKS LTD","SELL","83,826","20.10","-"
"15-JUL-2026","PPSL","Picturepost Studios Ltd","SHAILENDRA ISHWARDAS CHANDGOTIA","SELL","3,72,000","2.46","-"
"15-JUL-2026","SAJHOTELS","Saj Hotels Limited","VIPUL MAHASUKHLAL GOPANI","BUY","1,50,000","37.87","-"
"15-JUL-2026","SHIVAUM","Shiv Aum Steels Limited","DILIP RAMANLAL DOSHI HUF","BUY","70,000","410.00","-"
"15-JUL-2026","SHIVAUM","Shiv Aum Steels Limited","IMC INDIA SECURITIES PRIVATE LIMITED","SELL","3,594","411.97","-"
"15-JUL-2026","SHIVAUM","Shiv Aum Steels Limited","IMC INDIA SECURITIES PRIVATE LIMITED","BUY","71,161","410.00","-"
"15-JUL-2026","SHIVAUM","Shiv Aum Steels Limited","METASONI ALLOYS PVT LTD","BUY","75,000","410.00","-"
"15-JUL-2026","SHIVAUM","Shiv Aum Steels Limited","NOPEA CAPITAL SERVICES PRIVATE LIMITED","SELL","3,92,000","410.00","-"
"15-JUL-2026","SINTERCOM","Sintercom India Limited","BELLWETHER CAPITAL PRIVATE LIMITED","SELL","2,00,000","77.32","-"
"15-JUL-2026","SSWL","Steel Strips Wheels Limit","MICROCURVES TRADING PRIVATE LIMITED","BUY","8,53,622","268.72","-"
"15-JUL-2026","SSWL","Steel Strips Wheels Limit","MICROCURVES TRADING PRIVATE LIMITED","SELL","8,53,622","269.11","-"
"15-JUL-2026","SUMEET-RE","Sumeet Industries Ltd","ARHAM SHARE PRIVATE LIMITED","BUY","10,10,389","2.57","-"
"15-JUL-2026","SUMEET-RE","Sumeet Industries Ltd","BIRLA ANKITA","BUY","12,33,000","2.27","-"
"15-JUL-2026","SUMEET-RE","Sumeet Industries Ltd","BIRLA KAPIL","BUY","28,19,000","2.27","-"
"15-JUL-2026","SUMEET-RE","Sumeet Industries Ltd","EAGLE FIBRES LIMITED","SELL","51,00,000","2.37","-"
"15-JUL-2026","SUMEET-RE","Sumeet Industries Ltd","F3 ADVISORS PRIVATE LIMITED","BUY","16,10,000","2.44","-"
"15-JUL-2026","SUMEET-RE","Sumeet Industries Ltd","JPB FIBERS","SELL","99,00,000","2.43","-"
"15-JUL-2026","SUMEET-RE","Sumeet Industries Ltd","KIFS  ENTERPRISE","BUY","14,00,000","2.50","-"
"15-JUL-2026","SUMEET-RE","Sumeet Industries Ltd","NEELAM SUSHIL SOMANI","BUY","25,00,000","2.27","-"
"15-JUL-2026","SUMEET-RE","Sumeet Industries Ltd","NEO APEX SHARE BROKING SERVICES LLP","BUY","36,93,650","2.40","-"
"15-JUL-2026","SUMEET-RE","Sumeet Industries Ltd","PADMINI POLYTEX PRIVATE LIMITED","SELL","3,01,92,342","2.35","-"
"15-JUL-2026","SUMEET-RE","Sumeet Industries Ltd","PARTH INFIN BROKERS PVT LTD","BUY","15,75,000","2.41","-"
"15-JUL-2026","SUMEET-RE","Sumeet Industries Ltd","POLYWAVE TEXYARN PRIVATE LIMITED","BUY","20,00,000","2.27","-"
"15-JUL-2026","SUMEET-RE","Sumeet Industries Ltd","SHAKTIVEER TEXFAB PRIVATE LIMITED","BUY","49,00,000","2.33","-"
"15-JUL-2026","SUMEET-RE","Sumeet Industries Ltd","SOMANI OVERSEAS PRIVATE LIMITED","BUY","25,00,000","2.27","-"
"15-JUL-2026","SUMEET-RE","Sumeet Industries Ltd","SUPREME POLYWEAVE PVT LTD","BUY","20,00,000","2.39","-"
"15-JUL-2026","SUMEET-RE","Sumeet Industries Ltd","VIDEEP KABRA BENEFICIARY TRUST","BUY","10,33,000","2.31","-"
"15-JUL-2026","SUMEET-RE","Sumeet Industries Ltd","VISHAL RAMESHCHANDRA SHAH","BUY","20,00,000","2.42","-"
"15-JUL-2026","SVLL","Shree Vasu Logistics Ltd","B D PLYWOODS PRIVATE LIMITED","SELL","64,500","663.37","-"
"15-JUL-2026","TBZ","Trib Bhimji Zaveri Ltd","HRTI PRIVATE LIMITED","BUY","4,43,298","263.84","-"
"15-JUL-2026","TBZ","Trib Bhimji Zaveri Ltd","HRTI PRIVATE LIMITED","SELL","4,65,364","265.80","-"
"15-JUL-2026","TBZ","Trib Bhimji Zaveri Ltd","JUNOMONETA FINSOL PRIVATE LIMITED","BUY","5,43,565","265.36","-"
"15-JUL-2026","TBZ","Trib Bhimji Zaveri Ltd","JUNOMONETA FINSOL PRIVATE LIMITED","SELL","5,46,663","265.52","-"
"15-JUL-2026","TBZ","Trib Bhimji Zaveri Ltd","QE SECURITIES LLP","SELL","4,18,520","265.95","-"
"15-JUL-2026","TBZ","Trib Bhimji Zaveri Ltd","QE SECURITIES LLP","BUY","4,31,557","264.84","-"
"15-JUL-2026","VIPULLTD","Vipul Limited","ALLINA  QURESHI","BUY","30,00,000","17.63","-"
"15-JUL-2026","VIPULLTD","Vipul Limited","MOHAMMAD ASHRAF QURESHI","BUY","12,00,000","17.71","-"
"15-JUL-2026","VIPULLTD","Vipul Limited","MONEYPLANT GOLD & JEWELLERY TRADING L.L.C","BUY","3,31,858","17.59","-"
"15-JUL-2026","VIPULLTD","Vipul Limited","MONEYPLANT GOLD & JEWELLERY TRADING L.L.C","SELL","27,76,990","17.64","-"
"16-JUL-2026","ABINFRA","A B Infrabuild Limited","L7 MEDIA PRIVATE LIMITED","BUY","45,75,696","10.08","-"
"16-JUL-2026","ABINFRA","A B Infrabuild Limited","L7 SECURITIES PRIVATE LIMITED","SELL","45,75,696","10.08","-"
"16-JUL-2026","ATALREAL","Atal Realtech Limited","ACME CAPITAL MARKET LIMITED","BUY","7,80,591","30.20","-"
"16-JUL-2026","ATALREAL","Atal Realtech Limited","ACME CAPITAL MARKET LIMITED","SELL","8,01,091","30.15","-"
"16-JUL-2026","ATALREAL","Atal Realtech Limited","ALTIZEN VENTURES LLP","BUY","8,10,000","30.18","-"
"16-JUL-2026","ATALREAL","Atal Realtech Limited","ALTIZEN VENTURES LLP","SELL","9,70,735","30.09","-"
"16-JUL-2026","ATALREAL","Atal Realtech Limited","ARUN KOCHAR & SONS (HUF)","SELL","4,10,000","30.19","-"
"16-JUL-2026","ATALREAL","Atal Realtech Limited","ARUN KOCHAR & SONS (HUF)","BUY","7,80,000","30.18","-"
"16-JUL-2026","ATALREAL","Atal Realtech Limited","HRTI PRIVATE LIMITED","BUY","4,24,602","30.39","-"
"16-JUL-2026","ATALREAL","Atal Realtech Limited","HRTI PRIVATE LIMITED","SELL","7,15,731","30.15","-"
"16-JUL-2026","ATALREAL","Atal Realtech Limited","MANISH N THAKUR","SELL","10,40,000","30.40","-"
"16-JUL-2026","BECTORFOOD","Mrs Bectors Food Spe Ltd","ELIXIR WEALTH MANAGEMENT PRIVATE LIMITED","SELL","16,10,744","192.41","-"
"16-JUL-2026","BECTORFOOD","Mrs Bectors Food Spe Ltd","ELIXIR WEALTH MANAGEMENT PRIVATE LIMITED","BUY","16,19,744","191.91","-"
"16-JUL-2026","BECTORFOOD","Mrs Bectors Food Spe Ltd","HRTI PRIVATE LIMITED","BUY","13,96,602","189.70","-"
"16-JUL-2026","BECTORFOOD","Mrs Bectors Food Spe Ltd","HRTI PRIVATE LIMITED","SELL","17,51,634","189.81","-"
"16-JUL-2026","BECTORFOOD","Mrs Bectors Food Spe Ltd","JUNOMONETA FINSOL PRIVATE LIMITED","BUY","30,38,642","190.09","-"
"16-JUL-2026","BECTORFOOD","Mrs Bectors Food Spe Ltd","JUNOMONETA FINSOL PRIVATE LIMITED","SELL","30,49,777","190.19","-"
"16-JUL-2026","BECTORFOOD","Mrs Bectors Food Spe Ltd","MICROCURVES TRADING PRIVATE LIMITED","SELL","20,95,849","190.42","-"
"16-JUL-2026","BECTORFOOD","Mrs Bectors Food Spe Ltd","MICROCURVES TRADING PRIVATE LIMITED","BUY","20,95,849","190.34","-"
"16-JUL-2026","BECTORFOOD","Mrs Bectors Food Spe Ltd","NK SECURITIES RESEARCH PRIVATE LIMITED","BUY","23,52,440","190.42","-"
"16-JUL-2026","BECTORFOOD","Mrs Bectors Food Spe Ltd","NK SECURITIES RESEARCH PRIVATE LIMITED","SELL","23,52,440","190.50","-"
"16-JUL-2026","BECTORFOOD","Mrs Bectors Food Spe Ltd","QE SECURITIES LLP","SELL","17,37,519","190.04","-"
"16-JUL-2026","BECTORFOOD","Mrs Bectors Food Spe Ltd","QE SECURITIES LLP","BUY","17,57,792","191.26","-"
"16-JUL-2026","GCSL","Gretex Corporate Services","MOHAMED IRFAN MOHAMED LATIF SHAIKH","BUY","3,70,645","512.04","-"
"16-JUL-2026","HAPPY","Happy Steels Limited","GETFIVE OPPORTUNITY FUND-I","BUY","1,00,000","71.20","-"
"16-JUL-2026","HAPPY","Happy Steels Limited","PACE STOCK BROKING SERVICES PVT LTD","BUY","3,00,000","68.00","-"
"16-JUL-2026","HAPPY","Happy Steels Limited","SECUROCROP SECURITIES INDIA PRIVATE LIMITED","BUY","1,02,000","68.00","-"
"16-JUL-2026","HIRECT","Hind Rectifiers Limited","JUNOMONETA FINSOL PRIVATE LIMITED","SELL","1,83,666","1,330.13","-"
"16-JUL-2026","HIRECT","Hind Rectifiers Limited","JUNOMONETA FINSOL PRIVATE LIMITED","BUY","1,83,951","1,328.88","-"
"16-JUL-2026","JETFREIGHT","Jet Freight Logistics Ltd","IMC INDIA SECURITIES PRIVATE LIMITED","SELL","2,17,689","25.15","-"
"16-JUL-2026","JETFREIGHT","Jet Freight Logistics Ltd","IMC INDIA SECURITIES PRIVATE LIMITED","BUY","2,55,386","25.09","-"
"16-JUL-2026","JUSTDIAL","Justdial Ltd.","HRTI PRIVATE LIMITED","BUY","4,27,489","783.84","-"
"16-JUL-2026","JUSTDIAL","Justdial Ltd.","HRTI PRIVATE LIMITED","SELL","4,27,624","786.65","-"
"16-JUL-2026","JUSTDIAL","Justdial Ltd.","JUNOMONETA FINSOL PRIVATE LIMITED","BUY","8,47,439","782.84","-"
"16-JUL-2026","JUSTDIAL","Justdial Ltd.","JUNOMONETA FINSOL PRIVATE LIMITED","SELL","8,48,422","783.19","-"
"16-JUL-2026","JUSTDIAL","Justdial Ltd.","QE SECURITIES LLP","BUY","4,52,932","777.47","-"
"16-JUL-2026","JUSTDIAL","Justdial Ltd.","QE SECURITIES LLP","SELL","4,63,176","782.38","-"
"16-JUL-2026","KALYANKJIL","Kalyan Jewellers Ind Ltd","GRAVITON RESEARCH CAPITAL LLP","SELL","55,09,322","543.83","-"
"16-JUL-2026","KALYANKJIL","Kalyan Jewellers Ind Ltd","GRAVITON RESEARCH CAPITAL LLP","BUY","55,09,322","543.36","-"
"16-JUL-2026","LANDMARK","Landmark Cars Limited","JUNOMONETA FINSOL PRIVATE LIMITED","SELL","3,62,282","507.91","-"
"16-JUL-2026","LANDMARK","Landmark Cars Limited","JUNOMONETA FINSOL PRIVATE LIMITED","BUY","3,64,523","507.93","-"
"16-JUL-2026","LASERPOWER","Laser Power & Infra Ltd","BANK OF INDIA MUTUAL FUND","BUY","9,43,020","263.36","-"
"16-JUL-2026","LASERPOWER","Laser Power & Infra Ltd","BOFA SECURITIES EUROPE SA","BUY","9,00,000","262.63","-"
"16-JUL-2026","LASERPOWER","Laser Power & Infra Ltd","F3 ADVISORS PRIVATE LIMITED","SELL","9,79,070","262.09","-"
"16-JUL-2026","LASERPOWER","Laser Power & Infra Ltd","F3 ADVISORS PRIVATE LIMITED","BUY","11,66,665","258.07","-"
"16-JUL-2026","LASERPOWER","Laser Power & Infra Ltd","IRAGE BROKING SERVICES LLP","BUY","10,57,221","261.24","-"
"16-JUL-2026","LASERPOWER","Laser Power & Infra Ltd","IRAGE BROKING SERVICES LLP","SELL","13,68,253","262.85","-"
"16-JUL-2026","LASERPOWER","Laser Power & Infra Ltd","NIPPON INDIA MUTUAL FUND","BUY","8,95,239","260.98","-"
"16-JUL-2026","LASERPOWER","Laser Power & Infra Ltd","NK SECURITIES RESEARCH PRIVATE LIMITED","SELL","8,63,850","262.74","-"
"16-JUL-2026","LASERPOWER","Laser Power & Infra Ltd","NK SECURITIES RESEARCH PRIVATE LIMITED","BUY","8,63,850","262.56","-"
"16-JUL-2026","MANCREDIT","Mangal Credit N Fincorp L","BULLPULSE MARKETEDGE PRIVATE LIMITED","SELL","2,68,698","234.39","-"
"16-JUL-2026","MANCREDIT","Mangal Credit N Fincorp L","BULLPULSE MARKETEDGE PRIVATE LIMITED","BUY","2,92,272","236.64","-"
"16-JUL-2026","MANCREDIT","Mangal Credit N Fincorp L","L7 MEDIA PRIVATE LIMITED","BUY","3,50,836","239.28","-"
"16-JUL-2026","MANCREDIT","Mangal Credit N Fincorp L","L7 SECURITIES PRIVATE LIMITED","SELL","3,50,836","239.28","-"
"16-JUL-2026","MOTISONS","Motisons Jewellers Ltd","L7 MEDIA PRIVATE LIMITED","BUY","1,15,78,479","14.04","-"
"16-JUL-2026","MOTISONS","Motisons Jewellers Ltd","L7 SECURITIES PRIVATE LIMITED","SELL","1,15,78,479","14.04","-"
"16-JUL-2026","MRPL","Mang. Ref & Petochem Ltd.","MICROCURVES TRADING PRIVATE LIMITED","SELL","1,29,96,414","173.03","-"
"16-JUL-2026","MRPL","Mang. Ref & Petochem Ltd.","MICROCURVES TRADING PRIVATE LIMITED","BUY","1,29,96,414","172.94","-"
"16-JUL-2026","NARMADA","Narmada Agrobase Limited","IMC INDIA SECURITIES PRIVATE LIMITED","BUY","1,91,858","38.00","-"
"16-JUL-2026","NARMADA","Narmada Agrobase Limited","IMC INDIA SECURITIES PRIVATE LIMITED","SELL","1,91,858","38.14","-"
"16-JUL-2026","NARMADA","Narmada Agrobase Limited","KARAN BALVANTBHAI PATEL","BUY","1,00,000","38.41","-"
"16-JUL-2026","NARMADA","Narmada Agrobase Limited","KARAN BALVANTBHAI PATEL","SELL","2,87,295","38.23","-"
"16-JUL-2026","NARMADA","Narmada Agrobase Limited","MSB E TRADE SECURITIES LIMITED","BUY","8,36,605","38.03","-"
"16-JUL-2026","NARMADA","Narmada Agrobase Limited","MSB E TRADE SECURITIES LIMITED","SELL","8,39,105","38.16","-"
"16-JUL-2026","NARMADA","Narmada Agrobase Limited","SACHIN GOVINDLAL MODI","BUY","1,00,000","38.44","-"
"16-JUL-2026","NARMADA","Narmada Agrobase Limited","SACHIN GOVINDLAL MODI","SELL","1,90,383","38.41","-"
"16-JUL-2026","NEWGEN","Newgen Software Tech Ltd","HRTI PRIVATE LIMITED","BUY","7,67,118","552.64","-"
"16-JUL-2026","NEWGEN","Newgen Software Tech Ltd","HRTI PRIVATE LIMITED","SELL","7,98,643","561.54","-"
"16-JUL-2026","NEWGEN","Newgen Software Tech Ltd","JUNOMONETA FINSOL PRIVATE LIMITED","BUY","9,16,518","556.31","-"
"16-JUL-2026","NEWGEN","Newgen Software Tech Ltd","JUNOMONETA FINSOL PRIVATE LIMITED","SELL","9,16,713","556.34","-"
"16-JUL-2026","NILKAMAL","Nilkamal Limited","ABAKKUS INVESTMENT MANAGERS PRIVATE LIMITED","BUY","2,80,000","1,335.63","-"
"16-JUL-2026","NILKAMAL","Nilkamal Limited","F3 ADVISORS PRIVATE LIMITED","BUY","11,683","1,342.80","-"
"16-JUL-2026","NILKAMAL","Nilkamal Limited","F3 ADVISORS PRIVATE LIMITED","SELL","92,530","1,361.28","-"
"16-JUL-2026","NILKAMAL","Nilkamal Limited","IRAGE BROKING SERVICES LLP","BUY","10,606","1,338.69","-"
"16-JUL-2026","NILKAMAL","Nilkamal Limited","IRAGE BROKING SERVICES LLP","SELL","1,36,803","1,337.38","-"
"16-JUL-2026","NILKAMAL","Nilkamal Limited","SETU SECURITIES PRIVATE LIMITED","BUY","1,07,697","1,353.25","-"
"16-JUL-2026","ONWARDTEC","Onward Technologies Ltd","JUNOMONETA FINSOL PRIVATE LIMITED","SELL","1,24,526","297.90","-"
"16-JUL-2026","ONWARDTEC","Onward Technologies Ltd","JUNOMONETA FINSOL PRIVATE LIMITED","BUY","1,24,634","297.70","-"
"16-JUL-2026","ONWARDTEC","Onward Technologies Ltd","MICROCURVES TRADING PRIVATE LIMITED","SELL","1,86,482","299.84","-"
"16-JUL-2026","ONWARDTEC","Onward Technologies Ltd","MICROCURVES TRADING PRIVATE LIMITED","BUY","1,86,482","299.63","-"
"16-JUL-2026","ONWARDTEC","Onward Technologies Ltd","NK SECURITIES RESEARCH PRIVATE LIMITED","BUY","2,04,370","297.86","-"
"16-JUL-2026","ONWARDTEC","Onward Technologies Ltd","NK SECURITIES RESEARCH PRIVATE LIMITED","SELL","2,04,370","298.01","-"
"16-JUL-2026","ONWARDTEC","Onward Technologies Ltd","SILVERLEAF CAPITAL SERVICES PRIVATE LIMITED","BUY","2,29,747","300.19","-"
"16-JUL-2026","ONWARDTEC","Onward Technologies Ltd","SILVERLEAF CAPITAL SERVICES PRIVATE LIMITED","SELL","2,29,747","300.04","-"
"16-JUL-2026","QUESTLAB","Quest Laboratories Ltd","BHAVNA HITESH PATEL","BUY","99,600","97.70","-"
"16-JUL-2026","QUESTLAB","Quest Laboratories Ltd","PARADISE MOON INVESTMENT FUND-I","SELL","2,06,400","97.45","-"
"16-JUL-2026","QUESTLAB","Quest Laboratories Ltd","YASH HITESH PATEL","BUY","1,32,000","95.92","-"
"16-JUL-2026","RAMCOSYS","Ramco Systems Limited","HRTI PRIVATE LIMITED","BUY","1,95,594","841.20","-"
"16-JUL-2026","RAMCOSYS","Ramco Systems Limited","HRTI PRIVATE LIMITED","SELL","2,12,983","840.74","-"
"16-JUL-2026","RAMCOSYS","Ramco Systems Limited","JUNOMONETA FINSOL PRIVATE LIMITED","SELL","2,19,415","841.88","-"
"16-JUL-2026","RAMCOSYS","Ramco Systems Limited","JUNOMONETA FINSOL PRIVATE LIMITED","BUY","2,19,796","841.96","-"
"16-JUL-2026","RKFORGE","Ramkrishna Forgings Ltd","SMALLCAP WORLD FUND INC","SELL","12,89,711","573.88","-"
"16-JUL-2026","SADHAV","Sadhav Shipping Limited","AEGIS INVESTMENT FUND","BUY","84,000","117.95","-"
"16-JUL-2026","SELLOWRAP","Sellowrap Industries Ltd","GRETEX SHARE BROKING LIMITED","BUY","1,600","67.10","-"
"16-JUL-2026","SELLOWRAP","Sellowrap Industries Ltd","GRETEX SHARE BROKING LIMITED","SELL","97,600","80.00","-"
"16-JUL-2026","SHANKARA","Shankara Bldg Product Ltd","ALPHA ALTERNATIVES FINANCIAL SERVICES PRIVATE LIMITED","BUY","1,65,511","140.36","-"
"16-JUL-2026","SINTERCOM","Sintercom India Limited","BELLWETHER CAPITAL PRIVATE LIMITED","SELL","4,38,045","78.22","-"
"16-JUL-2026","SVLL","Shree Vasu Logistics Ltd","B D PLYWOODS PRIVATE LIMITED","SELL","1,00,000","658.30","-"
"16-JUL-2026","SVLL","Shree Vasu Logistics Ltd","BHATIA SURESH","BUY","1,23,000","656.10","-"
"16-JUL-2026","SVLL","Shree Vasu Logistics Ltd","VEENA PARAKH","SELL","1,48,000","660.80","-"
"16-JUL-2026","ZEEL","Zee Entertain. Enterp.Ltd","SUDESH IT SOLUTIONS LLP","SELL","45,00,000","104.90","-"
"16-JUL-2026","ZEEL","Zee Entertain. Enterp.Ltd","SUDESH IT SOLUTIONS LLP","BUY","50,00,000","104.63","-"
"17-JUL-2026","AARNAV","Aarnav Fashions Limited","TMW FINTECH PRIVATE LIMITED","SELL","2,24,640","31.58","-"
"17-JUL-2026","AASTHA","Aastha Spintex Limited","KUNVARJI INFRA PROPERTIES PRIVATE LIMITED","SELL","3,93,008","116.16","-"
"17-JUL-2026","ATALREAL","Atal Realtech Limited","ACME CAPITAL MARKET LIMITED","BUY","11,92,694","30.44","-"
"17-JUL-2026","ATALREAL","Atal Realtech Limited","ACME CAPITAL MARKET LIMITED","SELL","11,92,694","30.47","-"
"17-JUL-2026","ATALREAL","Atal Realtech Limited","ALTIZEN VENTURES LLP","SELL","2,00,000","30.36","-"
"17-JUL-2026","ATALREAL","Atal Realtech Limited","ALTIZEN VENTURES LLP","BUY","7,81,000","30.44","-"
"17-JUL-2026","ATALREAL","Atal Realtech Limited","L7 HITECH PRIVATE LIMITED","SELL","5,30,000","30.52","-"
"17-JUL-2026","ATALREAL","Atal Realtech Limited","L7 HITECH PRIVATE LIMITED","BUY","7,42,500","30.43","-"
"17-JUL-2026","AVIENCE","Avience Biomedicals Ltd","KASHMIRA AJAY PATEL","SELL","37,800","240.99","-"
"17-JUL-2026","AVIENCE","Avience Biomedicals Ltd","MANSI SHARE AND STOCK BROKING PRIVATE LIMITED","BUY","18,600","229.06","-"
"17-JUL-2026","AVIENCE","Avience Biomedicals Ltd","MANSI SHARE AND STOCK BROKING PRIVATE LIMITED","SELL","65,400","222.00","-"
"17-JUL-2026","AVIENCE","Avience Biomedicals Ltd","NIRAJ RAJNIKANT SHAH","SELL","48,000","222.05","-"
"17-JUL-2026","AVIENCE","Avience Biomedicals Ltd","SANDEEP KUMAR SAWARMAL HISARIA","SELL","600","253.00","-"
"17-JUL-2026","AVIENCE","Avience Biomedicals Ltd","SANDEEP KUMAR SAWARMAL HISARIA","BUY","1,00,200","222.46","-"
"17-JUL-2026","AVIENCE","Avience Biomedicals Ltd","SETU SECURITIES PVT LTD","SELL","56,400","222.16","-"
"17-JUL-2026","AVIENCE","Avience Biomedicals Ltd","SETU SECURITIES PVT LTD","BUY","70,200","222.00","-"
"17-JUL-2026","BECTORFOOD","Mrs Bectors Food Spe Ltd","JUNOMONETA FINSOL PRIVATE LIMITED","SELL","25,02,797","194.49","-"
"17-JUL-2026","BECTORFOOD","Mrs Bectors Food Spe Ltd","JUNOMONETA FINSOL PRIVATE LIMITED","BUY","25,31,046","194.36","-"
"17-JUL-2026","BECTORFOOD","Mrs Bectors Food Spe Ltd","QE SECURITIES LLP","SELL","18,79,751","193.76","-"
"17-JUL-2026","BECTORFOOD","Mrs Bectors Food Spe Ltd","QE SECURITIES LLP","BUY","19,19,513","191.76","-"
"17-JUL-2026","BIRDYS","Grill Splendour Ser Ltd","BHANSALI VALUE CREATIONS PVT LTD","BUY","66,000","92.24","-"
"17-JUL-2026","BIRDYS","Grill Splendour Ser Ltd","BLUE ASTER CAPS FUND PCC-BLUE ASTER CAPITAL MULTI ASSET FUND PROTECTED CELL","SELL","4,50,000","84.72","-"
"17-JUL-2026","BIRDYS","Grill Splendour Ser Ltd","RESONANCE OPPORTUNITIES FUND","BUY","4,53,600","84.73","-"
"17-JUL-2026","BIRDYS","Grill Splendour Ser Ltd","SANGEETA SHETALBHAI SHAH","SELL","66,000","92.24","-"
"17-JUL-2026","CAMPUS","Campus Activewear Limited","MICROCURVES TRADING PRIVATE LIMITED","SELL","19,31,914","248.84","-"
"17-JUL-2026","CAMPUS","Campus Activewear Limited","MICROCURVES TRADING PRIVATE LIMITED","BUY","19,31,914","248.58","-"
"17-JUL-2026","CAMPUS","Campus Activewear Limited","NK SECURITIES RESEARCH PRIVATE LIMITED","BUY","19,72,906","247.48","-"
"17-JUL-2026","CAMPUS","Campus Activewear Limited","NK SECURITIES RESEARCH PRIVATE LIMITED","SELL","19,72,906","247.60","-"
"17-JUL-2026","FINOPB","Fino Payments Bank Ltd","BLITZQUANT RESEARCH LLP","BUY","9,30,665","174.90","-"
"17-JUL-2026","FINOPB","Fino Payments Bank Ltd","BLITZQUANT RESEARCH LLP","SELL","9,30,665","174.97","-"
"17-JUL-2026","FINOPB","Fino Payments Bank Ltd","DIPAN MEHTA COMMODITIES PRIVATE LIMITED","BUY","17,77,860","174.37","-"
"17-JUL-2026","FINOPB","Fino Payments Bank Ltd","DIPAN MEHTA COMMODITIES PRIVATE LIMITED","SELL","17,85,360","174.49","-"
"17-JUL-2026","FINOPB","Fino Payments Bank Ltd","ELIXIR WEALTH MANAGEMENT PRIVATE LIMITED","SELL","24,77,524","174.84","-"
"17-JUL-2026","FINOPB","Fino Payments Bank Ltd","ELIXIR WEALTH MANAGEMENT PRIVATE LIMITED","BUY","24,82,524","174.26","-"
"17-JUL-2026","FINOPB","Fino Payments Bank Ltd","GRT STRATEGIC VENTURES LLP","SELL","7,53,658","174.49","-"
"17-JUL-2026","FINOPB","Fino Payments Bank Ltd","GRT STRATEGIC VENTURES LLP","BUY","7,53,658","174.40","-"
"17-JUL-2026","FINOPB","Fino Payments Bank Ltd","HRTI PRIVATE LIMITED","BUY","9,03,827","173.82","-"
"17-JUL-2026","FINOPB","Fino Payments Bank Ltd","HRTI PRIVATE LIMITED","SELL","9,62,631","174.23","-"
"17-JUL-2026","FINOPB","Fino Payments Bank Ltd","IRAGE BROKING SERVICES LLP","SELL","6,78,866","174.70","-"
"17-JUL-2026","FINOPB","Fino Payments Bank Ltd","IRAGE BROKING SERVICES LLP","BUY","7,07,191","174.46","-"
"17-JUL-2026","FINOPB","Fino Payments Bank Ltd","JUMP TRADING FINANCIAL INDIA PRIVATE LIMITED","SELL","7,39,802","174.37","-"
"17-JUL-2026","FINOPB","Fino Payments Bank Ltd","JUMP TRADING FINANCIAL INDIA PRIVATE LIMITED","BUY","7,39,802","173.95","-"
"17-JUL-2026","FINOPB","Fino Payments Bank Ltd","JUNOMONETA FINSOL PRIVATE LIMITED","BUY","22,30,739","174.27","-"
"17-JUL-2026","FINOPB","Fino Payments Bank Ltd","JUNOMONETA FINSOL PRIVATE LIMITED","SELL","22,54,828","174.36","-"
"17-JUL-2026","FINOPB","Fino Payments Bank Ltd","MICROCURVES TRADING PRIVATE LIMITED","BUY","28,05,105","175.00","-"
"17-JUL-2026","FINOPB","Fino Payments Bank Ltd","MICROCURVES TRADING PRIVATE LIMITED","SELL","28,05,105","175.08","-"
"17-JUL-2026","FINOPB","Fino Payments Bank Ltd","NK SECURITIES RESEARCH PRIVATE LIMITED","BUY","22,51,943","174.52","-"
"17-JUL-2026","FINOPB","Fino Payments Bank Ltd","NK SECURITIES RESEARCH PRIVATE LIMITED","SELL","22,51,943","174.63","-"
"17-JUL-2026","FINOPB","Fino Payments Bank Ltd","PUMA SECURITIES","SELL","8,13,439","174.75","-"
"17-JUL-2026","FINOPB","Fino Payments Bank Ltd","PUMA SECURITIES","BUY","8,13,439","174.73","-"
"17-JUL-2026","FINOPB","Fino Payments Bank Ltd","QE SECURITIES LLP","BUY","17,05,547","175.07","-"
"17-JUL-2026","FINOPB","Fino Payments Bank Ltd","QE SECURITIES LLP","SELL","17,18,006","174.99","-"
"17-JUL-2026","FINOPB","Fino Payments Bank Ltd","RAJAT PARASHAR","SELL","4,25,440","173.82","-"
"17-JUL-2026","FINOPB","Fino Payments Bank Ltd","RAJAT PARASHAR","BUY","4,25,440","175.39","-"
"17-JUL-2026","FINOPB","Fino Payments Bank Ltd","SILVERLEAF CAPITAL SERVICES PRIVATE LIMITED","BUY","6,47,654","173.83","-"
"17-JUL-2026","FINOPB","Fino Payments Bank Ltd","SILVERLEAF CAPITAL SERVICES PRIVATE LIMITED","SELL","6,47,654","173.89","-"
"17-JUL-2026","FINOPB","Fino Payments Bank Ltd","VINSUL MAKARDI LTD","BUY","7,20,126","174.24","-"
"17-JUL-2026","FINOPB","Fino Payments Bank Ltd","VINSUL MAKARDI LTD","SELL","7,20,126","174.36","-"
"17-JUL-2026","IKIO","IKIO Technologies Limited","HRTI PRIVATE LIMITED","SELL","4,60,170","225.25","-"
"17-JUL-2026","IKIO","IKIO Technologies Limited","HRTI PRIVATE LIMITED","BUY","4,73,736","225.16","-"
"17-JUL-2026","IKIO","IKIO Technologies Limited","JUNOMONETA FINSOL PRIVATE LIMITED","BUY","5,81,512","226.54","-"
"17-JUL-2026","IKIO","IKIO Technologies Limited","JUNOMONETA FINSOL PRIVATE LIMITED","SELL","5,85,104","226.59","-"
"17-JUL-2026","IKIO","IKIO Technologies Limited","NK SECURITIES RESEARCH PRIVATE LIMITED","SELL","3,91,533","226.71","-"
"17-JUL-2026","IKIO","IKIO Technologies Limited","NK SECURITIES RESEARCH PRIVATE LIMITED","BUY","3,91,533","226.59","-"
"17-JUL-2026","IKIO","IKIO Technologies Limited","QE SECURITIES LLP","SELL","4,32,372","225.67","-"
"17-JUL-2026","IKIO","IKIO Technologies Limited","QE SECURITIES LLP","BUY","4,40,523","224.87","-"
"17-JUL-2026","KALYANKJIL","Kalyan Jewellers Ind Ltd","GRAVITON RESEARCH CAPITAL LLP","SELL","62,13,325","561.99","-"
"17-JUL-2026","KALYANKJIL","Kalyan Jewellers Ind Ltd","GRAVITON RESEARCH CAPITAL LLP","BUY","62,13,325","561.74","-"
"17-JUL-2026","KCK","Kck Industries Limited","PRO FIN CAPITAL SERVICES LTD","SELL","3,85,000","16.15","-"
"17-JUL-2026","LANDMARK","Landmark Cars Limited","HELIOS MUTUAL FUND","BUY","2,45,973","520.28","-"
"17-JUL-2026","LANDMARK","Landmark Cars Limited","JUNOMONETA FINSOL PRIVATE LIMITED","SELL","3,04,012","517.05","-"
"17-JUL-2026","LANDMARK","Landmark Cars Limited","JUNOMONETA FINSOL PRIVATE LIMITED","BUY","3,08,295","516.93","-"
"17-JUL-2026","LANDMARK","Landmark Cars Limited","QE SECURITIES LLP","SELL","2,77,466","517.09","-"
"17-JUL-2026","LANDMARK","Landmark Cars Limited","QE SECURITIES LLP","BUY","2,82,071","517.03","-"
"17-JUL-2026","MARKOLINES","Markolines Pavement Tec L","BULLPULSE MARKETEDGE PRIVATE LIMITED","SELL","1,25,000","172.23","-"
"17-JUL-2026","MARKOLINES","Markolines Pavement Tec L","BULLPULSE MARKETEDGE PRIVATE LIMITED","BUY","1,25,000","172.57","-"
"17-JUL-2026","MARKOLINES","Markolines Pavement Tec L","CHAUBARA EATS PRIVATE LIMITED","BUY","1,37,500","172.22","-"
"17-JUL-2026","MARKOLINES","Markolines Pavement Tec L","CHAUBARA EATS PRIVATE LIMITED","SELL","1,37,500","172.45","-"
"17-JUL-2026","MARKOLINES","Markolines Pavement Tec L","HJS SECURITIES PRIVATE LIMITED","BUY","1,25,000","172.53","-"
"17-JUL-2026","MARKOLINES","Markolines Pavement Tec L","HJS SECURITIES PRIVATE LIMITED","SELL","1,25,000","172.57","-"
"17-JUL-2026","MARKOLINES","Markolines Pavement Tec L","JIAUM BROKING LLP","SELL","1,25,000","172.53","-"
"17-JUL-2026","MARKOLINES","Markolines Pavement Tec L","JIAUM BROKING LLP","BUY","1,25,000","172.45","-"
"17-JUL-2026","MARKOLINES","Markolines Pavement Tec L","VISTAAR TRADING SERVICE PRIVATE LIMITED","BUY","1,49,863","172.26","-"
"17-JUL-2026","MARKOLINES","Markolines Pavement Tec L","VISTAAR TRADING SERVICE PRIVATE LIMITED","SELL","1,50,313","171.44","-"
"17-JUL-2026","MASON","Mason Infratech Limited","UNISTONE CAPITAL PRIVATE LIMITED","SELL","2,38,500","124.00","-"
"17-JUL-2026","NARMADA","Narmada Agrobase Limited","ANKITA FINANCIAL SERVICES PRIVATE LIMITED","BUY","3,00,863","39.18","-"
"17-JUL-2026","NARMADA","Narmada Agrobase Limited","ANKITA FINANCIAL SERVICES PRIVATE LIMITED","SELL","3,00,863","39.07","-"
"17-JUL-2026","NARMADA","Narmada Agrobase Limited","MSB E TRADE SECURITIES LIMITED","BUY","9,24,227","39.01","-"
"17-JUL-2026","NARMADA","Narmada Agrobase Limited","MSB E TRADE SECURITIES LIMITED","SELL","9,24,227","39.09","-"
"17-JUL-2026","NARMADA","Narmada Agrobase Limited","NBN INVESTMENTS PRIVATE LIMITED","SELL","2,27,403","39.18","-"
"17-JUL-2026","NARMADA","Narmada Agrobase Limited","NBN INVESTMENTS PRIVATE LIMITED","BUY","3,07,403","39.06","-"
"17-JUL-2026","NILKAMAL","Nilkamal Limited","SEETHA KUMARI .","BUY","85,316","1,442.39","-"
"17-JUL-2026","NILKAMAL","Nilkamal Limited","SETU SECURITIES PRIVATE LIMITED","BUY","20,000","1,474.00","-"
"17-JUL-2026","NILKAMAL","Nilkamal Limited","SETU SECURITIES PRIVATE LIMITED","SELL","88,697","1,452.57","-"
"17-JUL-2026","PAISALO","Paisalo Digital Limited","DHIRAJBHAI VAGHJIBHAI KORADIYA","SELL","45,50,000","74.65","-"
"17-JUL-2026","PAISALO","Paisalo Digital Limited","DHIRAJBHAI VAGHJIBHAI KORADIYA","BUY","46,50,000","74.30","-"
"17-JUL-2026","PAISALO","Paisalo Digital Limited","JEVIN STOCK BROKER PRIVATE LIMITED","SELL","50,90,007","73.58","-"
"17-JUL-2026","PAISALO","Paisalo Digital Limited","JEVIN STOCK BROKER PRIVATE LIMITED","BUY","50,90,007","74.82","-"
"17-JUL-2026","PCJEWELLER","PC Jeweller Ltd","HRTI PRIVATE LIMITED","BUY","3,16,43,229","9.83","-"
"17-JUL-2026","PCJEWELLER","PC Jeweller Ltd","HRTI PRIVATE LIMITED","SELL","4,48,96,525","9.83","-"
"17-JUL-2026","QUESTLAB","Quest Laboratories Ltd","YASHVI HITESH PATEL","BUY","1,09,200","95.32","-"
"17-JUL-2026","RAPPID","Rappid Valves (India) Ltd","AEGIS INVESTMENT FUND","BUY","2,06,400","328.40","-"
"17-JUL-2026","RAPPID","Rappid Valves (India) Ltd","ASHOK KUMAR DHARIWAL","SELL","37,200","338.00","-"
"17-JUL-2026","RAPPID","Rappid Valves (India) Ltd","MAHARASHTRA DEFENCE AND AEROSPACE VENTURE FUND","SELL","1,45,200","323.70","-"
"17-JUL-2026","RELAXO","Relaxo Foot Ltd.","MICROCURVES TRADING PRIVATE LIMITED","BUY","16,91,832","419.83","-"
"17-JUL-2026","RELAXO","Relaxo Foot Ltd.","MICROCURVES TRADING PRIVATE LIMITED","SELL","16,91,832","420.18","-"
"17-JUL-2026","SABEVENTS","Sab Events & Governance","SHAFFIN THADATHAZHATH","BUY","2,462","7.85","-"
"17-JUL-2026","SABEVENTS","Sab Events & Governance","SHAFFIN THADATHAZHATH","SELL","64,484","7.53","-"
"17-JUL-2026","SHREEDHAR","Shreedhar Spinners Ltd","EXCELLENT SHARES AND FINANCE SERVICES PRIVATE LIMITED","SELL","1,28,000","77.00","-"
"17-JUL-2026","SHREEDHAR","Shreedhar Spinners Ltd","PASHUPATI CAPITAL SERVICES PRIVATE LIMITED","BUY","1,28,000","77.00","-"
"17-JUL-2026","SILKY","Silky Overseas Limited","AKSHAY  AGGARWAL","SELL","42,400","80.56","-"
"17-JUL-2026","TGL","Teerth Gopicon Limited","KHOKHAR NILESHKUMAR RASIKBHAI","BUY","93,000","24.19","-"
"17-JUL-2026","UDS","Updater Services Limited","EAST BRIDGE CAPITAL MASTER FUND I LTD","SELL","8,17,731","193.27","-"
"17-JUL-2026","UDS","Updater Services Limited","SIS LIMITED","BUY","6,53,960","193.71","-"
"17-JUL-2026","VMOBILE","Vinit Mobile Limited","COMFORT SECURITIES LIMITED","BUY","800","97.85","-"
"17-JUL-2026","VMOBILE","Vinit Mobile Limited","COMFORT SECURITIES LIMITED","SELL","33,600","97.85","-"
"17-JUL-2026","WINNY","Winny Immigra & Edu Ser L","ALTAB USMANBHAI PATHAN","SELL","65,000","35.50","-"
"17-JUL-2026","WINNY","Winny Immigra & Edu Ser L","VIKRAMKUMAR KARANRAJ SAKARIA HUF","BUY","65,000","35.50","-"
"20-JUL-2026","AASTHA","Aastha Spintex Limited","BULLPULSE MARKETEDGE PRIVATE LIMITED","BUY","6,50,000","116.01","-"
"20-JUL-2026","AASTHA","Aastha Spintex Limited","BULLPULSE MARKETEDGE PRIVATE LIMITED","SELL","6,50,000","116.13","-"
"20-JUL-2026","AASTHA","Aastha Spintex Limited","CHAUBARA EATS PRIVATE LIMITED","BUY","6,85,437","115.68","-"
"20-JUL-2026","AASTHA","Aastha Spintex Limited","CHAUBARA EATS PRIVATE LIMITED","SELL","6,85,437","115.59","-"
"20-JUL-2026","AASTHA","Aastha Spintex Limited","JIAUM BROKING LLP","BUY","6,50,000","115.99","-"
"20-JUL-2026","AASTHA","Aastha Spintex Limited","JIAUM BROKING LLP","SELL","6,50,000","116.07","-"
"20-JUL-2026","AASTHA","Aastha Spintex Limited","L7 HITECH PRIVATE LIMITED","BUY","2,89,847","110.23","-"
"20-JUL-2026","AASTHA","Aastha Spintex Limited","L7 HITECH PRIVATE LIMITED","SELL","3,15,760","110.01","-"
"20-JUL-2026","AASTHA","Aastha Spintex Limited","RATHOD DIGVIJAYSINH RAJENDRASINH","BUY","95,882","117.47","-"
"20-JUL-2026","AASTHA","Aastha Spintex Limited","RATHOD DIGVIJAYSINH RAJENDRASINH","SELL","3,29,148","109.50","-"
"20-JUL-2026","ACCENTMIC","Accent Microcell Limited","GHANSHYAM ARJANBHAI PATEL","SELL","3,90,000","521.01","-"
"20-JUL-2026","ATALREAL","Atal Realtech Limited","ALTIZEN VENTURES LLP","BUY","5,28,636","30.15","-"
"20-JUL-2026","ATALREAL","Atal Realtech Limited","ALTIZEN VENTURES LLP","SELL","11,04,489","30.36","-"
"20-JUL-2026","ATALREAL","Atal Realtech Limited","CHAUBARA EATS PRIVATE LIMITED","BUY","6,15,000","30.36","-"
"20-JUL-2026","ATALREAL","Atal Realtech Limited","CHAUBARA EATS PRIVATE LIMITED","SELL","7,15,000","30.45","-"
"20-JUL-2026","ATALREAL","Atal Realtech Limited","L7 HITECH PRIVATE LIMITED","SELL","50,000","30.11","-"
"20-JUL-2026","ATALREAL","Atal Realtech Limited","L7 HITECH PRIVATE LIMITED","BUY","7,50,000","30.34","-"
"20-JUL-2026","AVIENCE","Avience Biomedicals Ltd","SURESH ZUNZUNWALA","BUY","42,000","245.38","-"
"20-JUL-2026","AVIENCE","Avience Biomedicals Ltd","SURESH ZUNZUNWALA","SELL","42,000","265.55","-"
"20-JUL-2026","BECTORFOOD","Mrs Bectors Food Spe Ltd","HRTI PRIVATE LIMITED","SELL","23,06,304","206.98","-"
"20-JUL-2026","BECTORFOOD","Mrs Bectors Food Spe Ltd","HRTI PRIVATE LIMITED","BUY","24,62,220","208.78","-"
"20-JUL-2026","BECTORFOOD","Mrs Bectors Food Spe Ltd","JUNOMONETA FINSOL PRIVATE LIMITED","BUY","43,75,182","208.51","-"
"20-JUL-2026","BECTORFOOD","Mrs Bectors Food Spe Ltd","JUNOMONETA FINSOL PRIVATE LIMITED","SELL","43,83,907","208.60","-"
"20-JUL-2026","BECTORFOOD","Mrs Bectors Food Spe Ltd","MICROCURVES TRADING PRIVATE LIMITED","SELL","25,62,487","210.02","-"
"20-JUL-2026","BECTORFOOD","Mrs Bectors Food Spe Ltd","MICROCURVES TRADING PRIVATE LIMITED","BUY","25,62,487","209.89","-"
"20-JUL-2026","BECTORFOOD","Mrs Bectors Food Spe Ltd","NK SECURITIES RESEARCH PRIVATE LIMITED","SELL","30,76,937","210.66","-"
"20-JUL-2026","BECTORFOOD","Mrs Bectors Food Spe Ltd","NK SECURITIES RESEARCH PRIVATE LIMITED","BUY","30,76,937","210.56","-"
"20-JUL-2026","BECTORFOOD","Mrs Bectors Food Spe Ltd","QE SECURITIES LLP","BUY","45,67,789","208.44","-"
"20-JUL-2026","BECTORFOOD","Mrs Bectors Food Spe Ltd","QE SECURITIES LLP","SELL","46,36,764","208.55","-"
"20-JUL-2026","BEPL","Bhansali Eng. Polymers Lt","DIPAN MEHTA COMMODITIES PRIVATE LIMITED","SELL","12,64,167","128.50","-"
"20-JUL-2026","BEPL","Bhansali Eng. Polymers Lt","DIPAN MEHTA COMMODITIES PRIVATE LIMITED","BUY","12,92,783","127.82","-"
"20-JUL-2026","BEPL","Bhansali Eng. Polymers Lt","ELIXIR WEALTH MANAGEMENT PRIVATE LIMITED","SELL","18,96,494","128.96","-"
"20-JUL-2026","BEPL","Bhansali Eng. Polymers Lt","ELIXIR WEALTH MANAGEMENT PRIVATE LIMITED","BUY","19,50,573","128.47","-"
"20-JUL-2026","BEPL","Bhansali Eng. Polymers Lt","GRT STRATEGIC VENTURES LLP","BUY","24,96,881","127.31","-"
"20-JUL-2026","BEPL","Bhansali Eng. Polymers Lt","GRT STRATEGIC VENTURES LLP","SELL","24,96,881","127.36","-"
"20-JUL-2026","BEPL","Bhansali Eng. Polymers Lt","IRAGE BROKING SERVICES LLP","SELL","18,48,233","127.68","-"
"20-JUL-2026","BEPL","Bhansali Eng. Polymers Lt","IRAGE BROKING SERVICES LLP","BUY","22,35,002","127.88","-"
"20-JUL-2026","BEPL","Bhansali Eng. Polymers Lt","JUNOMONETA FINSOL PRIVATE LIMITED","BUY","35,88,868","127.10","-"
"20-JUL-2026","BEPL","Bhansali Eng. Polymers Lt","JUNOMONETA FINSOL PRIVATE LIMITED","SELL","35,93,299","127.18","-"
"20-JUL-2026","BEPL","Bhansali Eng. Polymers Lt","MICROCURVES TRADING PRIVATE LIMITED","BUY","42,57,956","127.35","-"
"20-JUL-2026","BEPL","Bhansali Eng. Polymers Lt","MICROCURVES TRADING PRIVATE LIMITED","SELL","42,57,956","127.45","-"
"20-JUL-2026","BEPL","Bhansali Eng. Polymers Lt","NK SECURITIES RESEARCH PRIVATE LIMITED","SELL","42,44,636","127.60","-"
"20-JUL-2026","BEPL","Bhansali Eng. Polymers Lt","NK SECURITIES RESEARCH PRIVATE LIMITED","BUY","42,44,636","127.55","-"
"20-JUL-2026","BEPL","Bhansali Eng. Polymers Lt","QE SECURITIES LLP","BUY","32,87,280","127.34","-"
"20-JUL-2026","BEPL","Bhansali Eng. Polymers Lt","QE SECURITIES LLP","SELL","34,09,649","126.78","-"
"20-JUL-2026","BEPL","Bhansali Eng. Polymers Lt","SILVERLEAF CAPITAL SERVICES PRIVATE LIMITED","SELL","15,85,140","126.27","-"
"20-JUL-2026","BEPL","Bhansali Eng. Polymers Lt","SILVERLEAF CAPITAL SERVICES PRIVATE LIMITED","BUY","15,85,140","126.13","-"
"20-JUL-2026","CHAVDA","Chavda Infra Limited","NISHANT VIRENDRA SHAH","BUY","1,78,000","109.77","-"
"20-JUL-2026","COMSYN","Commercial Syn Bags Ltd","ARIHANT CAPITAL MARKETS LIMITED","SELL","5,14,333","208.71","-"
"20-JUL-2026","COMSYN","Commercial Syn Bags Ltd","ARIHANT CAPITAL MARKETS LIMITED","BUY","6,52,867","208.01","-"
"20-JUL-2026","DAVANGERE","Davangere Sugar Company L","ARIHANT CAPITAL MARKETS LIMITED","BUY","3,17,366","3.51","-"
"20-JUL-2026","DAVANGERE","Davangere Sugar Company L","ARIHANT CAPITAL MARKETS LIMITED","SELL","76,95,008","3.41","-"
"20-JUL-2026","DYCL","Dynamic Cables Limited","GRT STRATEGIC VENTURES LLP","SELL","3,25,844","432.93","-"
"20-JUL-2026","DYCL","Dynamic Cables Limited","GRT STRATEGIC VENTURES LLP","BUY","3,25,844","432.69","-"
"20-JUL-2026","DYCL","Dynamic Cables Limited","HRTI PRIVATE LIMITED","SELL","4,39,496","430.04","-"
"20-JUL-2026","DYCL","Dynamic Cables Limited","HRTI PRIVATE LIMITED","BUY","4,74,663","432.07","-"
"20-JUL-2026","DYCL","Dynamic Cables Limited","IRAGE BROKING SERVICES LLP","SELL","3,74,406","433.97","-"
"20-JUL-2026","DYCL","Dynamic Cables Limited","IRAGE BROKING SERVICES LLP","BUY","5,13,789","437.83","-"
"20-JUL-2026","DYCL","Dynamic Cables Limited","JUNOMONETA FINSOL PRIVATE LIMITED","BUY","9,37,152","430.94","-"
"20-JUL-2026","DYCL","Dynamic Cables Limited","JUNOMONETA FINSOL PRIVATE LIMITED","SELL","9,38,057","431.17","-"
"20-JUL-2026","DYCL","Dynamic Cables Limited","MICROCURVES TRADING PRIVATE LIMITED","BUY","9,94,808","435.64","-"
"20-JUL-2026","DYCL","Dynamic Cables Limited","MICROCURVES TRADING PRIVATE LIMITED","SELL","9,94,808","436.11","-"
"20-JUL-2026","DYCL","Dynamic Cables Limited","NK SECURITIES RESEARCH PRIVATE LIMITED","SELL","6,10,907","436.08","-"
"20-JUL-2026","DYCL","Dynamic Cables Limited","NK SECURITIES RESEARCH PRIVATE LIMITED","BUY","6,10,907","435.90","-"
"20-JUL-2026","DYCL","Dynamic Cables Limited","QE SECURITIES LLP","SELL","3,19,058","424.25","-"
"20-JUL-2026","DYCL","Dynamic Cables Limited","QE SECURITIES LLP","BUY","3,28,467","427.72","-"
"20-JUL-2026","DYCL","Dynamic Cables Limited","SILVERLEAF CAPITAL SERVICES PRIVATE LIMITED","SELL","3,90,408","428.53","-"
"20-JUL-2026","DYCL","Dynamic Cables Limited","SILVERLEAF CAPITAL SERVICES PRIVATE LIMITED","BUY","3,90,408","427.90","-"
"20-JUL-2026","DYCL","Dynamic Cables Limited","VINSUL MAKARDI LTD","SELL","2,93,632","431.04","-"
"20-JUL-2026","DYCL","Dynamic Cables Limited","VINSUL MAKARDI LTD","BUY","2,93,632","430.88","-"
"20-JUL-2026","EEPL","Eppeltone Engineers Ltd","VINOD SOMANI","SELL","90,000","104.51","-"
"20-JUL-2026","FEDDERSHOL","Fedders Holding Ltd.","BULLPULSE MARKETEDGE PRIVATE LIMITED","SELL","11,68,080","48.07","-"
"20-JUL-2026","FEDDERSHOL","Fedders Holding Ltd.","BULLPULSE MARKETEDGE PRIVATE LIMITED","BUY","11,68,084","47.83","-"
"20-JUL-2026","FINOPB","Fino Payments Bank Ltd","HRTI PRIVATE LIMITED","BUY","4,21,694","169.16","-"
"20-JUL-2026","FINOPB","Fino Payments Bank Ltd","HRTI PRIVATE LIMITED","SELL","4,45,051","168.97","-"
"20-JUL-2026","FINOPB","Fino Payments Bank Ltd","JUNOMONETA FINSOL PRIVATE LIMITED","BUY","5,38,276","169.02","-"
"20-JUL-2026","FINOPB","Fino Payments Bank Ltd","JUNOMONETA FINSOL PRIVATE LIMITED","SELL","5,38,410","168.96","-"
"20-JUL-2026","GANDHAR","Gandhar Oil Refine Ind L","NEOMILE GROWTH FUND - SERIES I","BUY","8,64,082","224.80","-"
"20-JUL-2026","GCSL","Gretex Corporate Services","MANSUKH SECURITIES & FINANCE LIMITED","BUY","16,133","519.87","-"
"20-JUL-2026","GCSL","Gretex Corporate Services","MANSUKH SECURITIES & FINANCE LIMITED","SELL","2,89,323","521.65","-"
"20-JUL-2026","GNA","GNA Axles Limited","SEEHRA MANINDER SINGH","SELL","4,71,000","534.99","-"
"20-JUL-2026","INTEGRITY","Integrity Infrabuild De L","REKHABEN MUKESHKUMAR SHAH","SELL","24,000","162.00","-"
"20-JUL-2026","INTEGRITY","Integrity Infrabuild De L","VIRALI VICKY JHAVERI","BUY","24,000","162.00","-"
"20-JUL-2026","ITDC","India Tour. Dev. Co. Ltd.","HRTI PRIVATE LIMITED","SELL","5,77,998","788.95","-"
"20-JUL-2026","ITDC","India Tour. Dev. Co. Ltd.","HRTI PRIVATE LIMITED","BUY","5,97,438","784.26","-"
"20-JUL-2026","ITDC","India Tour. Dev. Co. Ltd.","MICROCURVES TRADING PRIVATE LIMITED","SELL","4,41,649","793.22","-"
"20-JUL-2026","ITDC","India Tour. Dev. Co. Ltd.","MICROCURVES TRADING PRIVATE LIMITED","BUY","4,41,649","793.01","-"
"20-JUL-2026","ITDC","India Tour. Dev. Co. Ltd.","QE SECURITIES LLP","SELL","4,67,380","790.56","-"
"20-JUL-2026","ITDC","India Tour. Dev. Co. Ltd.","QE SECURITIES LLP","BUY","4,71,513","787.27","-"
"20-JUL-2026","JETFREIGHT","Jet Freight Logistics Ltd","ANUPA BANSAL","SELL","2,85,168","23.86","-"
"20-JUL-2026","KROSS","Kross Limited","ALPHAGREP SECURITIES PRIVATE LIMITED","BUY","4,51,161","215.90","-"
"20-JUL-2026","KROSS","Kross Limited","ALPHAGREP SECURITIES PRIVATE LIMITED","SELL","4,51,161","216.00","-"
"20-JUL-2026","KROSS","Kross Limited","BLITZQUANT RESEARCH LLP","SELL","3,63,406","218.67","-"
"20-JUL-2026","KROSS","Kross Limited","BLITZQUANT RESEARCH LLP","BUY","3,63,406","218.57","-"
"20-JUL-2026","KROSS","Kross Limited","ELIXIR WEALTH MANAGEMENT PRIVATE LIMITED","BUY","9,96,531","216.22","-"
"20-JUL-2026","KROSS","Kross Limited","ELIXIR WEALTH MANAGEMENT PRIVATE LIMITED","SELL","9,96,531","217.06","-"
"20-JUL-2026","KROSS","Kross Limited","GRT STRATEGIC VENTURES LLP","SELL","4,77,696","216.35","-"
"20-JUL-2026","KROSS","Kross Limited","GRT STRATEGIC VENTURES LLP","BUY","4,77,696","216.25","-"
"20-JUL-2026","KROSS","Kross Limited","IRAGE BROKING SERVICES LLP","BUY","3,44,296","216.66","-"
"20-JUL-2026","KROSS","Kross Limited","IRAGE BROKING SERVICES LLP","SELL","3,62,426","217.31","-"
"20-JUL-2026","KROSS","Kross Limited","JUNOMONETA FINSOL PRIVATE LIMITED","BUY","8,49,347","216.56","-"
"20-JUL-2026","KROSS","Kross Limited","JUNOMONETA FINSOL PRIVATE LIMITED","SELL","8,55,288","216.70","-"
"20-JUL-2026","KROSS","Kross Limited","MICROCURVES TRADING PRIVATE LIMITED","BUY","10,11,027","218.04","-"
"20-JUL-2026","KROSS","Kross Limited","MICROCURVES TRADING PRIVATE LIMITED","SELL","10,11,027","218.13","-"
"20-JUL-2026","KROSS","Kross Limited","NK SECURITIES RESEARCH PRIVATE LIMITED","BUY","6,43,073","216.98","-"
"20-JUL-2026","KROSS","Kross Limited","NK SECURITIES RESEARCH PRIVATE LIMITED","SELL","6,43,073","217.05","-"
"20-JUL-2026","KROSS","Kross Limited","QE SECURITIES LLP","SELL","8,86,355","217.05","-"
"20-JUL-2026","KROSS","Kross Limited","QE SECURITIES LLP","BUY","8,94,098","215.36","-"
"20-JUL-2026","LAMOSAIC","Lamosaic India Limited","MAHESH MULCHAND WAGHELA","SELL","1,09,200","45.00","-"
"20-JUL-2026","MARKOLINES","Markolines Pavement Tec L","VISTAAR TRADING SERVICE PRIVATE LIMITED","SELL","1,71,059","168.25","-"
"20-JUL-2026","MARKOLINES","Markolines Pavement Tec L","VISTAAR TRADING SERVICE PRIVATE LIMITED","BUY","1,83,560","168.00","-"
"20-JUL-2026","MDL","Marvel Decor Limited","JATINDER AGARWAL","SELL","1,10,000","70.00","-"
"20-JUL-2026","MDL","Marvel Decor Limited","RAMESH CHIMANLAL SHAH","BUY","1,00,000","70.00","-"
"20-JUL-2026","NARMADA","Narmada Agrobase Limited","MSB E TRADE SECURITIES LIMITED","BUY","2,73,839","39.16","-"
"20-JUL-2026","NARMADA","Narmada Agrobase Limited","MSB E TRADE SECURITIES LIMITED","SELL","2,73,839","38.96","-"
"20-JUL-2026","RATNAVEER","Ratnaveer Precision Eng L","ARIHANT CAPITAL MARKETS LIMITED","BUY","6,75,072","181.20","-"
"20-JUL-2026","RATNAVEER","Ratnaveer Precision Eng L","ARIHANT CAPITAL MARKETS LIMITED","SELL","6,75,072","181.54","-"
"20-JUL-2026","SDBL","Som Dist & Brew Ltd","MICROCURVES TRADING PRIVATE LIMITED","SELL","9,95,750","74.24","-"
"20-JUL-2026","SDBL","Som Dist & Brew Ltd","MICROCURVES TRADING PRIVATE LIMITED","BUY","9,95,750","74.26","-"
"20-JUL-2026","SDBL","Som Dist & Brew Ltd","NK SECURITIES RESEARCH PRIVATE LIMITED","BUY","11,52,318","74.29","-"
"20-JUL-2026","SDBL","Som Dist & Brew Ltd","NK SECURITIES RESEARCH PRIVATE LIMITED","SELL","11,59,558","74.35","-"
"20-JUL-2026","SDBL","Som Dist & Brew Ltd","SILVERLEAF CAPITAL SERVICES PRIVATE LIMITED","SELL","11,44,470","73.26","-"
"20-JUL-2026","SDBL","Som Dist & Brew Ltd","SILVERLEAF CAPITAL SERVICES PRIVATE LIMITED","BUY","11,44,470","73.28","-"
"20-JUL-2026","SILKY","Silky Overseas Limited","NAVDEEP MEHTA","SELL","800","78.10","-"
"20-JUL-2026","SILKY","Silky Overseas Limited","NAVDEEP MEHTA","BUY","56,000","76.25","-"
"20-JUL-2026","VMOBILE","Vinit Mobile Limited","COMFORT SECURITIES LIMITED","BUY","800","93.00","-"
"20-JUL-2026","VMOBILE","Vinit Mobile Limited","COMFORT SECURITIES LIMITED","SELL","48,000","93.00","-"
"20-JUL-2026","WOMANCART","Womancart Limited","SHIVARJUN BYRAPANENI RAO","SELL","56,000","91.46","-"